session_id,animal_id,field,behavior,start_frame,end_frame,annotator
TR_25_cam1,25,0,object_interaction,204,434,heittor
TR_25_cam1,25,0,object_interaction,461,620,heittor
TR_25_cam1,25,0,object_interaction,546,546,heittor
TR_25_cam1,25,0,rearing,648,709,heittor
TR_25_cam1,25,0,rearing,710,790,heittor
TR_25_cam1,25,0,rearing,855,936,heittor
TR_25_cam1,25,0,rearing,994,1108,heittor
TR_25_cam1,25,0,rearing,1280,1491,heittor
TR_25_cam1,25,0,object_interaction,1622,1694,heittor
TR_25_cam1,25,0,object_interaction,1741,1762,heittor
TR_25_cam1,25,0,object_interaction,1934,2231,heittor
TR_25_cam1,25,0,object_interaction,2262,2347,heittor
TR_25_cam1,25,0,rearing,2452,2524,heittor
TR_25_cam1,25,0,rearing,2605,2704,heittor
TR_25_cam1,25,0,rearing,2810,2914,heittor
TR_25_cam1,25,0,object_interaction,2997,3259,heittor
TR_25_cam1,25,0,grooming,3386,3753,heittor
TR_25_cam1,25,0,object_interaction,3880,4102,heittor
TR_25_cam1,25,0,rearing,4159,4220,heittor
TR_25_cam1,25,0,rearing,4246,4307,heittor
TR_25_cam1,25,0,object_interaction,4538,4628,heittor
TR_25_cam1,25,0,grooming,4688,4744,heittor
TR_25_cam1,25,0,rearing,4817,4888,heittor
TR_25_cam1,25,0,object_interaction,4941,4962,heittor
TR_25_cam1,25,0,rearing,4985,5079,heittor
TR_25_cam1,25,0,object_interaction,5182,5209,heittor
TR_25_cam1,25,0,rearing,5309,5485,heittor
TR_25_cam1,25,0,object_interaction,5503,5684,heittor
TR_25_cam1,25,0,rearing,5720,5778,heittor
TR_25_cam1,25,0,object_interaction,5777,5920,heittor
TR_25_cam1,25,0,object_interaction,5934,6045,heittor
TR_25_cam1,25,0,object_interaction,6068,6195,heittor
TR_25_cam1,25,0,rearing,6240,6295,heittor
TR_25_cam1,25,0,object_interaction,6296,6353,heittor
TR_25_cam1,25,0,object_interaction,6524,6641,heittor
TR_25_cam1,25,0,rearing,6850,6891,heittor
TR_25_cam1,25,0,object_interaction,6917,7253,heittor
TR_25_cam1,25,0,object_interaction,7738,7945,heittor
TR_25_cam1,25,0,rearing,8056,8120,heittor
TR_25_cam1,25,0,rearing,8118,8146,heittor
TR_25_cam1,25,0,object_interaction,8161,8537,heittor
TR_25_cam1,25,0,object_interaction,8534,8590,heittor
TR_25_cam1,25,0,rearing,8599,8657,heittor
TR_25_cam1,25,0,object_interaction,8658,8996,heittor
TR_25_cam1,25,0,object_interaction,9055,9180,heittor
TR_33_cam2,33,0,object_interaction,177,362,heittor
TR_33_cam2,33,0,object_interaction,493,651,heittor
TR_33_cam2,33,0,object_interaction,692,754,heittor
TR_33_cam2,33,0,object_interaction,765,784,heittor
TR_33_cam2,33,0,grooming,814,843,heittor
TR_33_cam2,33,0,rearing,861,895,heittor
TR_33_cam2,33,0,object_interaction,915,988,heittor
TR_33_cam2,33,0,grooming,1026,1080,heittor
TR_33_cam2,33,0,object_interaction,1106,1262,heittor
TR_33_cam2,33,0,object_interaction,1271,1330,heittor
TR_33_cam2,33,0,object_interaction,1345,1468,heittor
TR_33_cam2,33,0,rearing,1492,1532,heittor
TR_33_cam2,33,0,object_interaction,1548,1612,heittor
TR_33_cam2,33,0,object_interaction,1627,1644,heittor
TR_33_cam2,33,0,rearing,1731,1792,heittor
TR_33_cam2,33,0,rearing,1828,1872,heittor
TR_33_cam2,33,0,grooming,1873,1887,heittor
TR_33_cam2,33,0,rearing,1887,1910,heittor
TR_33_cam2,33,0,grooming,1975,2065,heittor
TR_33_cam2,33,0,grooming,2075,2367,heittor
TR_33_cam2,33,0,object_interaction,2377,2564,heittor
TR_33_cam2,33,0,object_interaction,2636,2787,heittor
TR_33_cam2,33,0,object_interaction,2813,2914,heittor
TR_33_cam2,33,0,sniffing,2952,3011,heittor
TR_33_cam2,33,0,rearing,3010,3064,heittor
TR_33_cam2,33,0,grooming,3076,3112,heittor
TR_33_cam2,33,0,object_interaction,3126,3146,heittor
TR_33_cam2,33,0,rearing,3180,3198,heittor
TR_33_cam2,33,0,object_interaction,3275,3349,heittor
TR_33_cam2,33,0,grooming,3377,3415,heittor
TR_33_cam2,33,0,object_interaction,3415,3429,heittor
TR_33_cam2,33,0,object_interaction,3490,3595,heittor
TR_33_cam2,33,0,grooming,3721,4085,heittor
TR_33_cam2,33,0,rearing,4097,4138,heittor
TR_33_cam2,33,0,rearing,4173,4260,heittor
TR_33_cam2,33,0,rearing,4267,4284,heittor
TR_33_cam2,33,0,object_interaction,4300,4304,heittor
TR_33_cam2,33,0,rearing,4304,4329,heittor
TR_33_cam2,33,0,object_interaction,4329,4340,heittor
TR_33_cam2,33,0,rearing,4340,4378,heittor
TR_33_cam2,33,0,object_interaction,4403,4457,heittor
TR_33_cam2,33,0,sniffing,4482,4601,heittor
TR_33_cam2,33,0,object_interaction,4591,4623,heittor
TR_33_cam2,33,0,object_interaction,4650,4664,heittor
TR_33_cam2,33,0,rearing,4690,4755,heittor
TR_33_cam2,33,0,object_interaction,4787,4793,heittor
TR_33_cam2,33,0,object_interaction,4802,4815,heittor
TR_33_cam2,33,0,grooming,4861,4888,heittor
TR_33_cam2,33,0,rearing,4889,4927,heittor
TR_33_cam2,33,0,object_interaction,4944,5108,heittor
TR_33_cam2,33,0,object_interaction,5141,5300,heittor
TR_33_cam2,33,0,sniffing,5347,5380,heittor
TR_33_cam2,33,0,object_interaction,5390,5470,heittor
TR_33_cam2,33,0,object_interaction,5650,5693,heittor
TR_33_cam2,33,0,sniffing,5706,5798,heittor
TR_33_cam2,33,0,grooming,5788,5829,heittor
TR_33_cam2,33,0,object_interaction,5856,5875,heittor
TR_33_cam2,33,0,object_interaction,6027,6164,heittor
TR_33_cam2,33,0,object_interaction,6175,6206,heittor
TR_33_cam2,33,0,rearing,6259,6309,heittor
TR_33_cam2,33,0,sniffing,6545,6611,heittor
TR_33_cam2,33,0,object_interaction,7120,7161,heittor
TR_33_cam2,33,0,grooming,7341,7454,heittor
TR_33_cam2,33,0,rearing,7448,7515,heittor
TR_33_cam2,33,0,object_interaction,7918,7922,heittor
TR_33_cam2,33,0,object_interaction,7986,8252,heittor
TR_33_cam2,33,0,object_interaction,8379,8400,heittor
TR_33_cam2,33,0,grooming,8458,8540,heittor
TR_33_cam2,33,0,object_interaction,8556,8652,heittor
TR_33_cam2,33,0,grooming,8703,8743,heittor
TR_33_cam2,33,0,object_interaction,8782,8889,heittor
TR_33_cam2,33,0,grooming,9128,9233,heittor
TR_27_cam3,27,0,sniffing,81,142,heittor
TR_27_cam3,27,0,sniffing,185,238,heittor
TR_27_cam3,27,0,sniffing,295,329,heittor
TR_27_cam3,27,0,sniffing,385,433,heittor
TR_27_cam3,27,0,sniffing,576,622,heittor
TR_27_cam3,27,0,sniffing,700,749,heittor
TR_27_cam3,27,0,sniffing,959,1002,heittor
TR_27_cam3,27,0,grooming,1031,1066,heittor
TR_27_cam3,27,0,rearing,1112,1147,heittor
TR_27_cam3,27,0,rearing,1243,1287,heittor
TR_27_cam3,27,0,sniffing,1375,1412,heittor
TR_27_cam3,27,0,sniffing,1464,1521,heittor
TR_27_cam3,27,0,grooming,1728,2056,heittor
TR_27_cam3,27,0,rearing,2149,2206,heittor
TR_27_cam3,27,0,rearing,2205,2215,heittor
TR_27_cam3,27,0,grooming,2311,2406,heittor
TR_27_cam3,27,0,sniffing,2436,2456,heittor
TR_27_cam3,27,0,grooming,2583,2624,heittor
TR_27_cam3,27,0,sniffing,2727,2756,heittor
TR_27_cam3,27,0,rearing,3229,3273,heittor
TR_27_cam3,27,0,grooming,3375,3429,heittor
TR_27_cam3,27,0,rearing,3611,3639,heittor
TR_27_cam3,27,0,object_interaction,3806,4115,heittor
TR_27_cam3,27,0,object_interaction,4315,4322,heittor
TR_27_cam3,27,0,object_interaction,5102,5171,heittor
TR_27_cam3,27,0,grooming,5261,5400,heittor
TR_27_cam3,27,0,rearing,5840,5912,heittor
TR_27_cam3,27,0,object_interaction,6236,6363,heittor
TR_27_cam3,27,0,grooming,6777,7262,heittor
TR_27_cam3,27,0,object_interaction,8068,8174,heittor
TR_27_cam3,27,0,object_interaction,8545,8594,heittor
TT_15_cam1,15,0,rearing,189,221,heittor
TT_15_cam1,15,0,object_interaction,287,512,heittor
TT_15_cam1,15,0,object_interaction,565,586,heittor
TT_15_cam1,15,0,object_interaction,604,660,heittor
TT_15_cam1,15,0,object_interaction,808,865,heittor
TT_15_cam1,15,0,grooming,904,924,heittor
TT_15_cam1,15,0,rearing,974,1008,heittor
TT_15_cam1,15,0,rearing,1021,1056,heittor
TT_15_cam1,15,0,object_interaction,1058,1187,heittor
TT_15_cam1,15,0,object_interaction,1227,1458,heittor
TT_15_cam1,15,0,object_interaction,1495,2054,heittor
TT_15_cam1,15,0,rearing,2097,2133,heittor
TT_15_cam1,15,0,object_interaction,2211,2227,heittor
TT_15_cam1,15,0,object_interaction,2370,2399,heittor
TT_15_cam1,15,0,grooming,2495,2725,heittor
TT_15_cam1,15,0,rearing,2737,2873,heittor
TT_15_cam1,15,0,object_interaction,2893,2928,heittor
TT_15_cam1,15,0,object_interaction,2964,3206,heittor
TT_15_cam1,15,0,rearing,3049,3110,heittor
TT_15_cam1,15,0,rearing,3251,3350,heittor
TT_15_cam1,15,0,object_interaction,3431,3504,heittor
TT_15_cam1,15,0,object_interaction,3558,3568,heittor
TT_15_cam1,15,0,grooming,3615,3760,heittor
TT_15_cam1,15,0,object_interaction,3867,3907,heittor
TT_15_cam1,15,0,object_interaction,3924,4013,heittor
TT_15_cam1,15,0,object_interaction,4227,4331,heittor
TT_15_cam1,15,0,object_interaction,4446,4510,heittor
TT_15_cam1,15,0,rearing,4552,4590,heittor
TT_15_cam1,15,0,object_interaction,4638,4697,heittor
TT_15_cam1,15,0,rearing,4716,4759,heittor
TT_15_cam1,15,0,rearing,4759,4806,heittor
TT_15_cam1,15,0,object_interaction,4806,4914,heittor
TT_15_cam1,15,0,rearing,4814,4867,heittor
TT_15_cam1,15,0,object_interaction,5123,5173,heittor
TT_15_cam1,15,0,grooming,5287,5360,heittor
TT_15_cam1,15,0,object_interaction,5364,5418,heittor
TT_15_cam1,15,0,grooming,5464,6024,heittor
TT_15_cam1,15,0,rearing,6034,6078,heittor
TT_15_cam1,15,0,grooming,6239,6692,heittor
TT_15_cam1,15,0,grooming,6791,7032,heittor
TT_15_cam1,15,0,rearing,7053,7094,heittor
TT_15_cam1,15,0,object_interaction,7159,7299,heittor
TT_15_cam1,15,0,object_interaction,7337,7371,heittor
TT_15_cam1,15,0,object_interaction,7392,7531,heittor
TT_15_cam1,15,0,object_interaction,7569,7645,heittor
TT_15_cam1,15,0,object_interaction,7808,7867,heittor
TT_15_cam1,15,0,object_interaction,8042,8077,heittor
TT_15_cam1,15,0,grooming,8165,8218,heittor
TT_15_cam1,15,0,rearing,8226,8289,heittor
TT_15_cam1,15,0,object_interaction,8289,8801,heittor
TT_15_cam1,15,0,object_interaction,8845,8873,heittor
TT_15_cam1,15,0,object_interaction,8916,9142,heittor
TT_15_cam1,15,0,rearing,9021,9054,heittor
TT_15_cam1,15,0,rearing,9065,9114,heittor
TT_9_cam2,9,0,object_interaction,142,167,heittor
TT_9_cam2,9,0,object_interaction,180,187,heittor
TT_9_cam2,9,0,object_interaction,263,280,heittor
TT_9_cam2,9,0,grooming,319,343,heittor
TT_9_cam2,9,0,object_interaction,398,420,heittor
TT_9_cam2,9,0,rearing,443,547,heittor
TT_9_cam2,9,0,object_interaction,570,588,heittor
TT_9_cam2,9,0,rearing,611,674,heittor
TT_9_cam2,9,0,grooming,671,785,heittor
TT_9_cam2,9,0,object_interaction,785,1009,heittor
TT_9_cam2,9,0,object_interaction,1027,1378,heittor
TT_9_cam2,9,0,rearing,1415,1438,heittor
TT_9_cam2,9,0,grooming,1439,1552,heittor
TT_9_cam2,9,0,object_interaction,1583,1606,heittor
TT_9_cam2,9,0,object_interaction,1626,1791,heittor
TT_9_cam2,9,0,object_interaction,1817,1912,heittor
TT_9_cam2,9,0,grooming,2043,2165,heittor
TT_9_cam2,9,0,rearing,2177,2287,heittor
TT_9_cam2,9,0,grooming,2307,2409,heittor
TT_9_cam2,9,0,rearing,2533,2596,heittor
TT_9_cam2,9,0,object_interaction,2637,2768,heittor
TT_9_cam2,9,0,object_interaction,2791,2855,heittor
TT_9_cam2,9,0,rearing,2874,2904,heittor
TT_9_cam2,9,0,grooming,2967,3513,heittor
TT_9_cam2,9,0,rearing,3636,3790,heittor
TT_9_cam2,9,0,object_interaction,3809,3966,heittor
TT_9_cam2,9,0,rearing,3995,4046,heittor
TT_9_cam2,9,0,object_interaction,4046,4119,heittor
TT_9_cam2,9,0,object_interaction,4178,4327,heittor
TT_9_cam2,9,0,object_interaction,4345,4517,heittor
TT_9_cam2,9,0,rearing,4635,4701,heittor
TT_9_cam2,9,0,object_interaction,4743,4850,heittor
TT_9_cam2,9,0,rearing,4947,5002,heittor
TT_9_cam2,9,0,object_interaction,5055,5210,heittor
TT_9_cam2,9,0,object_interaction,5270,5388,heittor
TT_9_cam2,9,0,grooming,5408,5432,heittor
TT_9_cam2,9,0,object_interaction,5447,5506,heittor
TT_9_cam2,9,0,rearing,5516,5571,heittor
TT_9_cam2,9,0,rearing,5946,5996,heittor
TT_9_cam2,9,0,object_interaction,6016,6084,heittor
TT_9_cam2,9,0,object_interaction,6125,6158,heittor
TT_9_cam2,9,0,rearing,6250,6356,heittor
TT_9_cam2,9,0,grooming,6510,6916,heittor
TT_9_cam2,9,0,grooming,6957,7889,heittor
TT_9_cam2,9,0,object_interaction,7977,8138,heittor
TT_9_cam2,9,0,object_interaction,8184,8311,heittor
TT_9_cam2,9,0,object_interaction,8331,8971,heittor
TT_9_cam2,9,0,rearing,8839,8883,heittor
TT_9_cam2,9,0,rearing,8892,8949,heittor
TT_9_cam2,9,0,rearing,8949,8968,heittor
TT_24_cam3,24,0,object_interaction,206,292,heittor
TT_24_cam3,24,0,object_interaction,485,801,heittor
TT_24_cam3,24,0,object_interaction,873,905,heittor
