frame,move_nose,move_body,bp_sum,bp_mean,bp_min,bp_max,roll2s_mean,roll2s_sum,roll5s_mean,roll5s_sum,roll6s_mean,roll6s_sum,roll7_5s_mean,roll7_5s_sum,roll15s_mean,roll15s_sum,prob_sum,prob_mean,low_prob_01,low_prob_05,low_prob_075,rule_label
0,0.3857,2.839,2.5648,0.5538,2.6161,2.8163,0.9306,2.1832,1.7211,1.1591,2.2822,2.5952,0.9001,0.7644,1.1017,1.5182,2.7,0.7797,1.616,2.4519,1.8935,3
1,1.4978,0.345,0.2805,1.7141,2.5271,0.0905,1.4376,2.1353,0.9773,2.2141,1.693,2.7679,1.6397,0.6005,0.4547,0.7537,2.4972,0.8848,0.3477,2.4581,1.2293,3
2,1.8045,0.238,1.4997,1.2502,1.1928,2.7453,1.768,0.3904,0.5193,1.4298,0.1394,2.4749,1.6191,1.816,0.0259,1.854,0.8879,0.7063,0.5803,2.1458,2.7194,3
3,0.0861,0.5751,0.7338,2.8098,1.4654,1.8645,0.7676,2.733,1.1988,2.8113,1.1228,0.6712,1.1845,2.8549,2.115,0.5404,1.3727,1.257,0.1909,1.7153,2.6272,3
4,0.4438,0.6617,0.8551,1.8554,0.1499,1.7925,1.7826,1.7857,2.8502,2.7184,1.7809,0.1189,2.8776,1.4093,2.1065,1.7084,0.93,1.271,0.2204,1.1995,0.5479,3
5,2.7846,0.4883,2.2404,2.934,1.9169,1.1649,0.3374,2.6884,0.1681,0.9767,2.5941,2.2118,1.8919,0.1768,0.2984,1.0729,1.0033,2.1748,1.8511,0.5671,1.696,3
6,0.2113,0.228,2.9311,2.5767,2.4078,0.4882,1.5948,2.2388,0.335,2.9674,1.9829,1.6446,0.9521,1.1707,1.21,0.7797,2.0692,2.107,1.0443,1.8904,0.1599,3
7,0.3893,0.6286,0.8367,1.4723,0.5931,1.8015,0.2552,2.6651,2.63,1.584,1.9118,1.7522,2.825,0.8731,2.1503,0.4512,2.5123,0.8942,0.782,1.391,0.0231,3
8,2.845,0.6701,1.6277,0.0492,1.9071,2.6554,1.1699,2.4246,0.6532,0.2218,2.2375,1.201,1.0292,1.3533,0.583,1.653,0.548,2.9601,0.1116,2.9391,0.3711,3
9,1.8657,1.4386,0.9309,0.6388,0.4204,0.0726,2.1374,2.1933,1.9985,0.11,1.263,1.7915,2.3486,2.9163,1.6197,2.2065,0.5562,0.7754,2.9311,2.6977,2.565,3
10,1.107,1.9432,0.1864,0.358,2.517,1.6649,0.5992,1.7988,0.2637,1.1042,2.4354,2.2279,2.243,2.8991,0.4082,2.2672,0.5538,2.4492,2.4851,2.935,0.5481,3
11,1.5342,1.0916,1.8074,2.2127,2.1914,1.9126,0.4567,0.837,0.1115,1.2451,2.1735,1.4522,0.412,1.6663,0.2336,0.6314,2.4897,1.4552,0.6883,0.4676,0.2026,3
12,1.9885,0.5045,0.4661,0.4133,2.8034,2.7576,2.8962,0.7535,1.8518,0.5417,0.2856,1.2994,1.0453,2.1865,2.1731,0.9802,0.3771,2.6965,0.1704,2.3843,2.7391,3
13,0.8259,0.284,2.063,1.9354,0.8519,0.0451,1.2866,2.7454,2.2261,2.7009,2.1746,1.3159,0.7088,0.0714,0.9583,0.6898,1.3427,0.7372,0.0835,0.1974,0.2842,3
14,0.4139,0.7892,2.2416,0.9676,0.5109,1.1091,0.1723,2.3927,0.6056,0.9279,2.6797,0.1163,2.8607,1.7359,1.9778,2.1039,0.4367,1.0881,0.6045,0.3005,1.4644,3
15,2.3641,0.5124,0.427,1.4416,1.7123,0.3807,1.2761,0.7571,1.3897,2.3185,2.8304,1.1107,1.3009,1.8524,1.8861,2.977,0.9959,0.87,1.256,0.4831,1.2616,3
16,2.0111,1.4431,1.7889,2.2701,0.1739,0.9326,0.8168,0.3129,0.4789,0.6525,1.3246,1.1591,2.6449,2.5218,2.5355,1.9815,0.3036,2.3979,2.3464,2.0668,1.5657,3
17,1.5371,2.6133,0.6251,0.895,2.4628,2.722,2.4532,2.6292,2.4852,1.3029,0.3647,0.7568,1.8417,1.2945,0.3201,2.1382,0.6443,2.6238,1.7055,2.1133,0.3226,3
18,2.4502,2.1494,2.2894,0.5152,0.6132,0.5404,2.6375,0.0405,0.4045,1.1484,1.7043,2.0845,2.3016,1.2586,1.4496,0.5687,2.4319,0.5729,2.2802,1.3296,1.4289,3
19,1.6472,0.6097,0.8578,0.8641,0.3999,1.0774,2.2859,1.8721,1.6883,2.2997,0.2969,2.4068,0.6941,2.5577,0.1628,1.2899,1.9758,1.7639,0.2674,0.8457,0.3558,3
20,2.9427,0.1075,2.0687,2.8309,0.4441,2.4654,2.0215,2.1227,2.8365,1.097,1.7203,1.1855,1.1368,0.4089,2.3792,1.198,1.9224,0.1008,1.1263,0.4073,1.1245,3
21,0.6135,0.2029,1.9437,1.6585,2.1104,2.2485,1.7129,1.2752,0.634,0.6677,2.2429,2.2043,2.4678,2.8713,1.4052,2.2573,1.0788,2.3032,1.6052,0.2601,2.135,3
22,1.6612,1.3074,1.7256,0.8614,0.1482,2.751,0.1736,2.7414,2.187,2.5122,1.7806,1.5375,2.1217,2.1041,2.0796,0.0698,0.9567,0.7596,2.9602,1.1587,0.4427,3
23,1.4509,1.0908,0.6529,0.4371,1.2648,0.3716,1.9524,1.9384,1.481,1.9504,2.0811,0.9195,2.7751,2.6058,2.6424,1.7282,0.1498,0.2746,2.4018,0.4864,0.0007,3
24,1.0598,2.0473,2.5028,0.2047,0.5447,0.2154,1.1615,2.9776,2.5824,0.5101,2.2475,0.0897,2.3328,2.6311,1.9827,1.4801,1.165,2.9762,2.8601,0.672,1.9444,3
25,1.7748,0.2517,1.0645,1.002,2.3417,0.6657,0.8456,2.0728,2.5926,0.7138,1.4366,0.9304,2.0116,1.1892,0.4881,2.1021,2.4921,2.1573,1.9661,0.6233,2.5743,3
26,0.7059,0.7637,2.3117,1.842,0.1623,1.4838,1.6948,1.6733,1.498,0.2967,0.7737,2.6519,2.0202,2.7766,0.9899,2.1576,0.8112,0.6909,1.6495,2.3024,0.4647,3
27,2.4066,2.0573,1.4249,1.3705,0.5891,2.0393,0.7262,0.2412,1.4112,2.4997,2.3637,2.5086,0.8229,2.1635,2.4168,0.4201,0.6702,2.4641,2.1203,0.1345,0.2132,3
28,2.602,1.7042,1.3442,2.4367,2.3153,0.3523,2.9619,2.6437,2.3074,1.2571,1.5262,2.8309,0.4251,1.8768,1.0202,1.2611,0.0222,0.1212,2.0286,0.3314,0.5323,3
29,0.3863,1.5501,2.1367,2.9841,1.5474,1.8835,1.7938,0.3521,2.1395,2.4918,2.0973,2.3635,1.7733,0.3901,1.8345,2.4037,2.2081,1.0957,0.4668,0.5732,0.3119,3
30,1.4012,2.705,1.0226,1.7107,0.3455,0.6664,2.2464,0.8271,0.9902,1.7509,1.1646,1.917,1.7756,1.4993,1.396,1.1696,0.4008,0.5237,1.6734,1.4747,1.563,0
31,0.8314,0.34,2.2904,1.0348,2.9701,2.8878,0.326,1.9456,2.8323,2.3813,2.7135,0.167,2.6013,1.6849,2.0234,0.0053,0.5045,1.632,1.3093,0.6245,2.9819,0
32,0.2494,0.5864,1.3348,2.3841,1.1133,1.6673,0.1099,2.0522,1.5109,2.2686,1.1847,0.2193,0.7581,0.4468,2.3758,2.8391,0.2052,1.7006,0.4576,2.5009,1.6724,0
33,2.6878,1.6967,2.2216,0.2661,1.2585,0.4191,0.517,2.7767,0.7399,1.3977,1.8006,2.5175,0.7398,1.0048,1.9599,0.6025,1.8138,2.2899,1.5997,1.1304,0.3375,0
34,1.2898,1.6959,2.0926,2.2787,2.2247,2.4984,0.553,2.8378,1.1864,0.7684,1.9024,0.4116,2.7739,1.4374,2.5884,1.6407,0.439,2.7767,2.859,2.1972,0.671,0
35,0.4431,2.9403,2.836,2.645,1.4769,1.4817,1.6512,2.7643,1.2038,1.171,1.5876,0.379,1.445,0.662,0.5739,0.3185,1.9929,1.0475,0.6415,0.9072,2.3634,0
36,2.0201,2.9323,1.2259,2.3282,2.4891,2.3101,1.9676,2.3699,1.4984,1.5939,2.3835,2.7409,1.455,0.7421,2.4314,2.4305,1.8057,0.1491,1.7247,0.3869,1.5801,0
37,0.6066,1.7618,1.047,0.296,1.6074,1.6268,2.6869,1.1458,1.0351,2.9907,0.8054,1.2446,1.9477,1.1998,0.5888,0.8345,2.8026,1.2687,2.108,0.7742,1.498,0
38,2.7043,2.2766,2.9845,1.7432,0.7371,2.6547,0.2857,2.1713,1.3753,0.8596,0.1868,0.2671,0.026,0.3996,1.8393,0.1024,1.0318,2.0523,1.4472,0.4252,2.3455,0
39,0.6514,2.0922,1.549,2.4066,1.6074,0.8442,1.4926,0.4668,2.9203,2.2079,0.4659,0.6789,0.5542,0.9301,2.5511,1.6245,1.5678,1.4035,2.1103,2.1989,1.1555,0
40,0.0992,0.3988,1.2554,1.2348,2.5162,2.9092,1.9785,0.9733,2.9787,0.7692,1.2809,0.7141,2.7389,1.1968,2.0651,0.6605,2.7774,0.7894,1.984,2.9597,0.4817,0
41,0.6023,1.8069,2.1022,2.5321,0.841,0.0541,1.2488,2.989,0.7685,1.8971,2.1047,1.4773,0.3824,0.7631,0.144,1.361,1.8262,1.8743,2.0274,0.2399,0.4101,0
42,1.0372,0.9173,0.7504,0.498,1.9071,1.1311,0.2165,1.9184,0.9263,2.2054,0.4609,0.2344,2.7804,0.6661,2.5009,2.8763,2.1662,1.6518,0.8467,0.9812,1.5322,0
43,1.4067,1.0769,2.8733,1.5862,1.7389,0.472,0.2896,2.7862,1.1337,0.0025,1.2603,1.5375,2.767,1.263,0.9934,0.2376,0.4439,1.7509,2.4244,0.8375,2.9778,0
44,2.7184,0.4689,2.2616,1.6746,2.0788,2.9624,0.0271,0.4982,0.6935,2.1855,1.8896,0.9583,0.1833,1.9974,0.3841,0.3681,2.74,2.8485,0.9964,0.3443,1.9282,0
45,2.0921,0.025,1.9471,2.3648,1.0801,0.0586,0.9636,1.7965,0.666,2.606,0.6206,0.2487,1.5559,0.1753,2.9021,1.3384,1.3001,2.5707,2.6693,0.731,2.3472,0
46,1.018,2.5609,0.8755,1.2361,0.6799,0.8651,0.4816,0.5516,1.4557,2.7146,1.9329,1.3191,0.9009,0.9895,1.1288,0.6576,1.9838,0.3084,0.0334,2.5824,2.1022,0
47,0.0506,2.1512,2.428,0.7748,1.9934,1.1649,2.8483,2.12,1.2503,2.6223,1.9515,1.7683,2.0022,0.8512,0.4109,2.6176,2.3329,2.224,2.1381,2.6581,2.0938,0
48,0.4795,2.2566,2.7574,2.1364,2.5434,0.2261,1.8922,2.781,0.233,1.1454,0.689,0.9207,2.7986,1.7623,2.5374,0.2643,0.9986,1.0867,2.5237,1.4042,0.1529,0
49,2.9893,0.8641,2.3742,0.3427,1.4143,2.7546,0.2938,1.3095,1.5624,0.4406,2.6768,0.9936,0.9217,0.2874,1.9457,2.6814,2.959,1.883,2.9352,1.5504,1.2487,0
50,1.3791,1.2522,2.7369,1.1036,0.4101,2.3124,1.9964,0.0527,1.4212,1.0241,2.851,1.0064,0.4162,0.3633,0.3217,0.1308,1.3821,1.2458,1.0806,2.9212,2.154,0
51,2.0731,0.5283,0.2766,1.4041,2.4117,1.6144,1.5135,0.9981,2.8557,2.6427,2.7904,2.8654,2.8044,2.8249,0.0824,0.6994,2.3634,2.9007,2.5535,1.9126,0.0918,0
52,0.164,1.8065,2.2237,2.3634,1.5845,1.2189,2.4913,0.2602,2.5555,2.0279,0.6817,2.6001,2.3198,1.6442,2.7666,0.0415,1.3874,2.4025,2.1982,1.173,0.015,0
53,0.1022,2.5176,2.5989,1.2743,2.047,0.5827,0.5652,1.3723,1.9261,1.5149,0.9744,0.9749,1.1029,1.7862,2.8747,0.3462,1.5774,2.0502,2.2486,2.1098,1.7624,0
54,2.5377,2.3365,1.4285,1.6866,0.3041,0.4944,1.0405,2.4052,1.5709,0.0184,1.631,2.2159,2.5512,0.4831,2.7337,1.1034,1.6848,0.7557,2.7921,1.2894,0.5322,0
55,1.7636,2.8014,0.2404,2.035,2.3544,1.2188,1.4665,2.9446,0.3384,0.216,2.4436,2.5412,1.5753,0.0495,2.4597,1.0751,1.1282,0.3613,1.8512,1.6514,1.6856,0
56,0.9261,0.7814,1.6277,2.0267,1.1174,1.8401,1.5349,0.8343,1.9332,1.6645,0.0697,2.0234,0.3123,0.2529,0.1628,0.4238,1.2237,0.3765,1.7734,2.9173,0.015,0
57,0.9521,2.104,0.7276,2.8905,2.6697,2.5609,0.4296,0.4478,2.7992,2.614,0.7566,2.099,1.1297,0.1307,2.7536,0.6118,0.1696,1.7131,2.524,0.8445,0.1163,0
58,0.2677,0.3801,0.0978,1.3895,0.7431,0.7297,2.4914,0.1417,2.8981,1.8303,1.9548,0.2419,2.2219,1.0907,0.9415,1.1265,2.262,1.1567,2.2562,1.7522,0.0521,0
59,0.518,1.6089,2.8074,1.7153,0.0183,2.5883,0.4735,0.9231,2.7878,1.0822,0.6801,2.423,0.9407,0.7269,1.1538,0.1108,2.5767,2.943,0.1707,2.757,1.7822,0
60,0.0738,0.3307,2.4969,0.0582,0.9578,1.9849,1.3885,0.7739,2.2148,0.0179,0.6608,0.1712,1.9388,2.8807,0.5557,2.7768,2.8208,1.243,2.9799,2.0262,1.847,0
61,2.5174,1.621,1.9034,0.5756,2.1716,0.478,1.7069,0.622,1.0333,0.6317,2.9903,2.9585,0.5252,0.1253,0.8327,2.398,0.0309,0.6072,2.8337,2.9149,1.6494,0
62,1.3989,1.6264,2.2455,0.7463,2.1595,0.095,1.3151,2.6537,0.5441,1.8466,1.8243,0.613,2.3443,0.0041,0.0909,0.1177,2.0146,2.8717,0.4561,1.2468,2.6877,0
63,0.3816,1.0408,2.0143,0.6336,2.5434,0.0738,1.0216,0.8578,0.6676,0.8773,2.0692,0.6696,0.6154,0.2504,2.8435,0.9337,0.0794,1.5444,2.7737,0.4625,0.8177,0
64,2.2177,1.0485,1.3885,1.5573,0.6316,2.8923,2.1665,0.4762,1.1829,1.6107,0.267,1.3975,1.0055,0.024,0.2079,0.7855,2.0151,2.3765,1.3294,0.6743,0.8822,0
65,0.587,2.1333,0.3638,0.598,1.7817,0.7365,1.5726,0.4528,0.3486,0.1207,0.893,1.1559,2.3186,1.4623,2.9803,2.0357,2.8027,0.7557,0.8772,1.987,2.4769,0
66,0.1858,1.4431,0.8662,1.7101,0.2186,0.198,2.0504,2.176,0.9164,1.6194,0.366,0.3658,0.589,1.2061,0.1622,2.2574,1.5287,1.6466,2.9025,1.4204,1.6989,0
67,1.7952,1.2229,1.5182,2.4775,0.6736,1.9772,2.2871,1.2909,2.9169,1.381,0.7449,0.495,1.3618,0.917,0.726,0.1829,0.3462,2.2623,2.1516,2.8389,0.9954,0
68,2.6873,0.3381,1.7463,0.2179,0.1372,0.8269,2.7718,1.1642,2.2386,0.0662,0.402,2.9024,2.4309,2.8873,0.2558,1.9863,1.7848,2.9419,1.9002,0.9151,1.0703,0
69,0.0808,0.8469,0.9045,0.7287,1.8865,2.8313,1.4783,2.114,2.1101,2.4622,0.3388,0.6161,1.9202,2.24,2.8487,0.0164,2.5603,0.1597,1.2888,1.5672,0.9028,0
70,2.4154,2.5412,0.3817,1.4901,2.6863,1.9913,1.2522,1.8951,0.4743,2.3612,2.3039,0.1,0.2387,0.5722,0.4272,0.3005,1.7841,1.6891,2.6856,1.2794,1.5282,0
71,0.5705,2.916,1.027,0.1385,1.8033,2.6606,2.7587,1.3858,1.52,0.3454,0.8297,0.9537,0.3055,0.2836,2.1806,1.4528,1.8011,2.3669,1.9621,0.2664,0.9576,0
72,0.2787,1.1195,0.5569,0.4298,1.8082,1.9524,2.8964,1.8592,1.4744,1.878,2.6856,1.4243,2.3167,2.6556,2.3166,0.3916,1.4884,0.8627,1.4281,2.0708,1.1321,0
73,0.0539,2.6124,2.7917,1.7249,2.7112,2.1971,2.6187,0.925,2.7772,2.5765,0.0312,0.2099,0.161,2.5538,2.1573,0.371,0.6518,1.1158,1.7917,2.2763,1.918,0
74,0.8789,2.6211,0.6629,1.1985,0.989,1.3834,0.6106,1.2959,2.0099,1.5384,0.9615,2.0474,0.4695,0.2271,0.5661,2.5403,1.3628,0.716,0.2374,2.1085,1.6916,0
75,2.1813,0.6543,1.1822,2.7111,1.6703,1.2741,2.7254,2.0276,0.9051,2.2583,0.9055,1.4172,0.1855,2.5203,2.4624,2.1971,2.0114,0.5208,1.105,1.8594,1.5197,0
76,1.4795,0.8214,1.6256,1.7113,2.4287,2.3441,1.94,0.0654,0.7776,0.3689,1.2092,2.4868,0.5776,1.826,0.8752,2.2973,0.0161,0.9486,2.3133,2.2873,0.0724,0
77,2.5588,2.0881,0.7569,2.2713,0.5828,0.5476,1.5671,1.2246,0.3212,0.1788,1.7383,0.7316,1.8586,2.3385,2.6261,0.2783,0.3748,2.1271,0.1526,1.5451,1.673,0
78,0.6516,0.918,1.4847,1.0376,2.1096,0.1974,0.394,1.1462,1.4965,0.7065,1.5123,0.1431,0.9102,2.1772,0.1701,1.5749,2.4963,0.646,1.975,1.6472,1.1954,0
79,0.9455,2.8659,1.6582,1.1312,0.2312,2.7334,0.487,0.9694,1.8827,2.3007,1.0425,1.6568,0.0768,0.9581,0.1807,0.0374,0.7714,2.5134,0.5503,0.4333,0.7805,0
80,0.7744,1.0952,0.1473,2.5604,1.1089,1.1502,2.5983,1.5032,1.1972,0.867,1.0196,2.9936,1.9579,2.5702,0.2985,2.5681,1.1407,0.5843,2.034,0.0406,2.3674,0
81,2.9349,2.1906,2.8423,1.8459,0.5548,1.6771,0.8663,2.0674,2.816,2.5327,2.129,0.1117,1.7538,0.1277,0.5722,1.7112,0.352,1.2809,2.9086,2.0155,2.091,0
82,2.823,2.1219,1.6139,2.7434,1.2974,1.1843,1.422,2.2168,2.2567,0.2008,0.9489,2.2328,1.6349,2.8066,2.7614,1.3728,0.4239,2.8025,1.2573,0.9213,2.7514,0
83,1.0221,0.6409,0.4382,0.7572,0.613,2.2327,1.2834,2.3115,1.6491,1.4468,2.0868,1.3234,1.8033,0.1567,0.8238,0.9277,1.6939,2.3538,2.6254,0.2407,0.2539,0
84,1.308,2.5979,2.9473,0.3438,0.184,2.3305,1.156,1.8605,1.1879,1.3091,1.5082,2.1255,1.9044,1.9945,0.0316,1.8574,1.6005,2.7285,2.7585,1.0418,1.1473,0
85,0.943,0.9862,0.5047,2.0317,1.3335,0.5504,1.2766,0.0465,1.9706,2.4342,0.7163,1.0672,0.5825,1.4086,1.6772,0.2535,1.2429,0.1517,0.4579,1.9525,2.251,0
86,2.2395,0.3302,2.1824,0.3753,1.1711,2.3172,0.8405,0.7404,2.0735,2.0103,2.2629,2.5004,0.0431,1.9082,1.5668,2.2945,1.8079,0.945,0.4897,2.6869,0.5219,0
87,0.12,0.1505,1.4473,0.2279,2.202,0.9527,2.6989,2.0037,2.2066,2.2293,1.6179,1.6746,1.182,2.7913,0.6874,2.7957,0.4119,0.6879,0.2025,2.2612,0.6061,0
88,0.2023,1.3555,0.7727,1.1713,0.0422,1.708,1.5434,0.3521,0.9419,1.8216,1.9088,0.9657,0.0493,2.178,2.1514,2.3349,1.6741,2.456,2.6325,2.4281,0.9386,0
89,1.2121,1.899,1.1389,2.0595,1.907,1.4497,0.8811,1.74,1.2092,0.4741,0.2293,0.9998,1.2507,1.4924,1.258,0.0129,0.317,0.1437,0.65,0.8814,0.1104,0
90,0.7353,0.8141,1.4436,1.0811,0.1331,2.5385,0.6373,0.046,0.7062,2.2822,1.3778,1.9557,2.4807,2.0623,0.0026,2.4322,0.6745,0.8277,1.5763,0.6323,2.0566,0
91,2.5357,2.5257,1.1128,2.2592,1.4571,1.2532,2.4044,2.5169,0.4136,2.1592,1.5396,0.8506,0.3248,1.105,1.0709,2.772,1.0774,2.4957,0.8177,0.0358,2.3688,0
92,2.2254,0.8025,0.7411,1.3659,0.0607,2.4763,2.3675,0.5013,0.9276,2.1938,1.2362,0.9457,2.0513,0.428,1.1496,2.919,0.7715,1.1101,2.8693,2.878,0.4668,0
93,1.6374,2.5425,1.2482,0.8547,2.7328,2.8231,2.4639,1.3041,0.7798,1.3793,1.1174,2.8154,1.8271,0.4082,0.8169,0.0849,1.0161,0.8893,0.1057,2.9416,0.3349,0
94,1.9844,0.0992,1.3074,1.6028,1.463,1.7251,1.7865,0.3623,0.851,1.2712,0.3989,0.6659,2.5407,0.8042,0.4986,0.5099,1.4218,0.9691,2.5372,1.0683,1.9493,0
95,2.0768,0.788,2.0633,1.8135,1.4315,2.4475,0.991,0.5298,1.4378,0.4422,1.4904,2.0661,1.5761,2.7042,1.4167,1.2931,1.9626,1.1179,1.4209,1.0413,2.748,0
96,2.3432,0.4784,0.5927,0.4498,0.213,2.6614,0.6356,1.413,1.1512,2.446,2.3309,0.4773,2.056,1.3057,2.6544,0.9447,0.3619,2.0156,2.3095,2.0324,2.9057,0
97,2.7825,1.3431,0.1364,1.7747,2.3601,0.6856,1.1191,1.5645,2.1974,1.3054,1.7495,0.5921,2.2905,2.068,0.5807,0.5967,1.8492,1.051,1.5524,2.5746,1.7031,0
98,0.4492,1.0525,2.5013,0.5055,0.7988,1.354,0.2691,2.5909,0.7729,2.8634,0.9274,2.0742,1.8372,1.0139,2.6887,2.0506,1.0185,1.1062,0.8086,0.0549,1.6489,0
99,1.8784,1.1843,0.2079,2.9045,1.4108,2.7041,0.8267,0.6225,2.1456,0.815,0.5786,1.1402,0.622,2.4849,0.2444,0.7569,0.7103,2.3987,2.4132,1.6636,2.9915,0
100,0.4309,2.5546,1.8943,1.5946,2.166,2.2822,1.0426,2.6462,2.6697,1.4507,1.1192,1.3594,2.7944,1.8948,1.8517,1.3565,0.3713,1.4399,0.7055,2.57,0.193,0
101,1.3294,1.7387,1.6469,0.6163,2.3743,2.5404,0.3471,0.7112,1.4994,1.0548,0.9442,0.6915,1.4282,0.7506,0.3495,2.1249,1.4167,2.6041,0.221,1.3447,1.1646,0
102,2.3589,1.8163,2.9251,0.1276,1.1584,1.8069,0.4558,1.182,2.419,1.8224,0.5704,2.7474,0.6574,0.159,1.8876,2.3507,0.0513,0.9331,0.8553,2.6266,2.082,0
103,2.6841,1.1701,0.5698,0.6436,0.1821,1.138,0.3592,2.8772,0.2326,2.9011,1.2312,2.1527,2.543,2.3247,0.8723,2.8761,0.5701,0.5178,1.1039,1.6216,2.6143,0
104,2.2777,2.4241,2.663,0.9549,2.9578,2.3604,1.1669,1.5422,0.785,0.6671,1.0715,0.7432,1.8852,0.5359,2.0995,0.2235,1.0016,2.4227,0.1811,1.2515,2.1062,0
105,0.1062,1.5053,0.3909,1.7204,0.7655,1.0358,2.7798,0.7637,0.2603,1.1554,1.5974,1.0775,1.1224,2.2853,2.5133,0.9012,2.9466,1.0402,1.1673,1.8312,1.4781,0
106,1.0782,2.238,0.5145,1.9906,0.1261,1.7461,2.877,1.3589,1.4802,0.886,2.4914,0.8038,2.2191,0.4259,0.8298,2.5881,1.3398,0.9722,0.0266,2.5701,1.4345,0
107,0.4892,2.7426,1.9614,2.1348,1.8598,0.6321,0.3101,2.4675,1.1375,0.2835,1.0724,2.3709,1.4091,2.4258,2.4753,0.5168,1.4037,0.4073,2.8681,1.5473,2.7299,0
108,2.9964,1.836,0.497,1.3233,2.6204,1.2023,1.7858,2.6116,1.4481,0.1084,2.0219,1.8597,1.9717,2.0915,0.7032,2.3858,2.6344,2.6181,0.9242,1.2168,2.2451,0
109,0.432,1.3055,1.7595,1.8906,0.2636,1.346,0.0162,0.3384,0.6924,2.978,0.5113,0.9689,2.6251,0.5426,1.3604,0.9631,1.6679,2.8242,1.3994,0.5823,0.6148,0
110,0.7329,0.7909,2.025,1.6607,0.1374,0.3415,1.9995,1.5466,0.1044,0.9911,0.7137,1.6143,0.0577,1.3461,0.2427,2.6783,1.9309,1.6579,2.3979,2.0791,2.7818,0
111,1.0717,2.736,0.3763,0.8894,2.0313,0.305,1.878,1.126,2.2786,2.1209,2.5807,2.3208,2.2568,1.9677,1.3086,1.3761,1.0682,0.1268,2.5633,1.215,2.4434,0
112,0.1827,2.2947,2.3705,0.657,1.7178,2.6568,1.5391,0.2499,2.8138,2.3491,2.236,0.735,2.7569,0.5445,2.8265,2.6865,0.352,0.4381,0.1668,0.9432,1.8725,0
113,2.6112,2.3986,1.2693,1.1978,0.777,2.9577,0.8344,1.3183,0.5732,1.9227,2.1421,1.1801,2.4805,0.5951,0.4893,2.1157,0.6251,2.8863,1.1041,0.6809,2.4143,0
114,1.9091,0.6642,2.9012,2.0689,0.795,0.4854,1.3951,0.8847,2.2154,0.7953,2.4614,1.2183,2.9948,0.5416,1.4569,0.1933,0.2253,1.2914,2.6688,0.6702,2.1884,0
115,0.4792,1.3101,0.0343,0.4035,2.302,1.0982,0.1165,2.2155,1.0537,2.0122,2.679,1.6701,1.2789,0.1973,0.1882,0.9964,1.6286,1.5464,2.3359,1.0455,1.0301,0
116,1.4948,2.6508,0.2358,1.9079,0.063,2.0223,1.9656,0.0488,2.2246,2.7625,2.8127,0.1326,0.7183,2.8646,2.1796,0.8742,0.2674,1.5589,2.7481,2.2124,2.1156,0
117,0.236,0.738,1.8604,0.0622,0.7218,0.4293,2.3341,1.3579,1.8047,1.373,2.18,0.9937,1.0745,0.6579,0.7022,1.5088,1.3346,1.9806,0.1044,2.3986,1.1474,0
118,1.8329,2.4417,0.7716,0.5511,1.0876,0.2002,0.2567,1.0334,2.2668,2.675,2.7876,0.6235,0.1034,1.6462,2.2806,1.5838,0.7813,1.4672,0.3219,0.4877,0.0935,0
119,0.695,1.6159,1.2081,2.0094,2.3228,2.7184,2.9971,1.2626,2.9706,2.5836,0.8059,0.4116,1.9511,0.5373,1.895,0.8101,0.0052,2.8921,2.6112,2.3578,1.1578,0
120,0.1159,0.6563,2.7266,2.4243,0.9426,0.8463,0.532,1.3002,0.8461,2.3148,1.4321,1.0353,0.394,0.8152,2.8893,1.7396,2.0594,2.1002,2.43,2.0264,1.627,3
121,0.3457,1.1264,1.0315,2.3016,0.163,2.8678,2.7468,2.9362,2.6385,2.0887,0.569,0.6935,2.5869,2.6643,0.6324,0.3858,0.0845,0.8449,1.0255,0.9245,2.2984,3
122,1.6658,0.2287,0.1537,2.0505,2.2301,1.5616,2.9365,2.0566,0.6165,2.8773,0.3167,1.9793,2.9809,0.5675,2.1258,2.687,1.6498,2.3211,0.0517,0.9182,1.5893,3
123,1.9109,2.0192,0.4291,0.7623,2.0645,1.7612,1.2721,1.1529,2.3852,1.5037,1.1885,0.3105,1.2784,0.2164,1.8366,2.1633,1.2661,1.0,0.9864,2.8555,0.3539,3
124,0.9744,2.1808,1.6667,2.9635,0.3821,1.6203,2.5225,1.0116,0.4736,2.7587,1.0182,2.4878,2.2482,2.52,0.2366,0.8179,2.5654,0.1056,1.8151,1.6223,1.1372,3
125,1.9304,0.0869,2.3243,1.8029,2.184,1.5217,1.6852,1.3108,0.6017,0.2641,1.8938,2.604,0.847,1.5288,1.5632,0.4692,1.1825,1.6065,0.5986,2.6191,2.3554,3
126,1.0562,0.9042,2.2733,2.7304,1.8697,0.8053,0.8176,2.8018,1.2901,2.1271,1.2208,2.8498,2.9769,1.3388,2.8908,2.0271,0.4223,1.6766,0.8066,1.4479,1.043,3
127,0.392,2.3063,1.4146,2.8094,1.1036,1.8793,2.061,1.7902,0.6218,0.3565,0.4672,0.3341,2.7633,2.8139,2.5097,1.4199,1.2115,2.9763,1.5678,0.1448,2.0585,3
128,0.9456,0.6011,0.7189,0.716,1.7347,1.3195,1.0768,2.8611,2.4217,1.1106,1.487,0.2096,1.9984,1.0822,1.026,2.3667,1.3912,0.0663,0.1803,1.2324,0.9493,3
129,1.1858,1.611,0.3855,2.9094,1.5083,2.546,0.4597,0.6165,0.1125,1.7549,0.9895,2.8655,1.6136,2.3367,1.8487,2.786,0.2409,1.0257,1.9309,1.3074,0.5613,3
130,2.7379,2.4176,0.6698,0.2436,2.3806,0.8681,2.3148,1.5631,1.0379,2.0777,2.3022,0.2792,0.059,1.2065,1.0031,0.3179,0.6754,2.2218,2.5943,1.3889,2.7166,3
131,0.347,1.7099,0.6011,1.9121,2.8545,0.5779,0.5712,2.1637,1.7142,2.0473,2.0659,0.3767,2.9232,1.2928,2.3365,0.6832,0.5544,0.7319,2.3811,2.5959,0.3007,3
132,0.2585,0.3667,2.7223,0.7701,1.0228,2.5827,2.8028,2.4755,2.402,0.5376,2.8669,0.5982,0.0134,2.2067,2.1877,1.4327,0.6421,0.4737,2.4157,1.4182,2.317,3
133,1.6845,2.7275,1.2233,0.2823,0.2709,1.6077,0.5959,0.3114,2.9267,0.2665,2.8967,1.8295,2.7714,1.1922,0.5208,1.0289,2.4015,1.0823,1.1113,0.5558,1.941,3
134,2.8902,2.2401,0.3501,1.7083,1.0938,0.6874,0.9688,1.2178,1.6089,0.4275,1.7253,2.3863,1.4399,0.0789,2.3405,2.9743,0.9139,2.8372,2.8446,2.6368,0.1661,3
135,2.7218,1.6948,1.9144,0.6377,1.7983,2.3333,2.4043,2.6166,0.5777,1.8557,0.783,0.2007,2.9769,0.7912,2.8569,1.2087,2.055,1.6306,2.9747,0.4777,0.0446,3
136,2.1007,0.9985,1.3717,2.3592,0.7692,0.86,2.5084,1.8409,0.6869,0.5367,1.6905,1.0682,1.1784,2.6042,1.8987,1.9358,0.052,2.9482,1.0014,0.3842,0.7476,3
137,0.2003,1.7469,0.0872,1.3848,0.4642,2.1576,1.2048,0.4257,1.8326,2.7487,0.8949,1.1379,1.0242,0.9746,2.4557,0.0662,2.9914,2.9881,1.2996,0.9383,2.0609,3
138,2.4192,1.1746,2.9393,0.8093,0.636,1.9676,1.8283,1.2616,0.4419,2.0395,1.5608,2.8335,1.9102,1.8204,1.0879,2.7511,2.5837,1.6486,1.5171,0.2596,2.3262,3
139,2.0501,0.3561,2.8389,0.0354,2.5458,0.8767,2.8316,1.5054,2.5401,0.9049,2.2793,1.8478,2.2061,1.8189,0.2983,0.2777,1.2987,2.3329,1.9103,1.2938,1.102,3
140,0.4318,0.3664,0.7878,2.076,2.1419,1.9265,0.8727,0.0056,2.5268,1.8923,2.1715,1.3817,1.7463,2.3927,2.1525,2.0696,0.2168,1.5037,1.1131,0.9141,2.6359,1
141,1.3948,0.1359,2.499,1.9095,0.3768,1.467,0.8048,1.2628,2.1732,0.2195,1.376,1.1317,0.0877,1.1357,2.2463,1.0733,1.41,1.706,2.6317,2.692,0.3353,1
142,0.148,0.5111,1.3653,2.4156,0.8985,0.0888,0.3143,1.4225,2.9136,1.8141,0.9153,1.067,0.5211,2.0072,1.8737,0.6884,2.014,2.8183,2.9152,1.9351,2.3385,1
143,2.4056,0.7367,2.021,1.1496,0.8126,2.9342,2.0664,2.8879,1.3505,0.465,0.0886,0.7628,1.2203,1.1022,2.6537,2.3193,0.8961,2.5946,0.9114,1.3674,2.1209,1
144,2.1559,1.9059,1.9601,2.7447,0.3373,0.7825,2.0729,1.5539,2.8792,1.8972,2.5762,2.1231,0.9793,0.7734,0.4779,2.646,0.0077,2.2828,2.9371,2.5911,1.0257,1
145,2.4139,1.7405,2.1957,0.0708,2.517,1.1522,0.3682,1.5811,0.5993,0.837,2.4966,0.4778,1.9496,0.2214,1.5958,0.9981,0.9125,0.6005,2.909,1.4805,2.9591,1
146,2.2812,1.7716,1.3215,2.7565,0.8674,2.6414,2.1593,0.2294,0.7699,1.6599,1.8174,1.6407,2.8842,2.4465,0.3211,0.9867,1.8364,0.4486,1.4296,2.6444,1.0591,1
147,0.8018,2.466,0.4397,2.2941,1.6947,2.0704,0.864,0.1122,1.5943,2.1069,2.4255,2.3293,1.8786,0.2366,2.4252,0.5445,0.2597,2.1294,1.6039,1.8087,0.762,1
148,2.3692,0.2854,2.4129,0.3071,1.1471,0.5099,1.5338,1.3798,2.6639,0.6591,0.5813,1.5262,1.7368,1.1437,0.6613,1.0131,1.5371,0.3646,2.6129,1.532,1.9266,1
149,0.7475,1.1667,1.3213,2.9614,0.2104,1.9245,1.6852,1.8915,0.0283,0.1747,1.9782,1.3203,0.1825,1.9234,0.349,1.4484,2.3815,0.7245,1.6467,2.2088,1.6366,1
150,0.4137,0.2379,1.3262,0.2693,0.1092,0.0651,1.75,0.6543,2.5682,0.4264,0.8764,1.8991,0.8916,0.8138,2.4323,1.4088,1.9406,1.2341,2.5524,1.5157,0.5116,1
151,1.1712,1.2563,2.2778,2.2532,2.0839,2.2462,1.657,1.7199,1.119,2.5129,2.4645,0.1956,2.4182,1.5023,1.5197,0.4487,2.3359,0.8846,2.6687,0.3563,1.0523,1
152,1.4935,0.2364,2.0562,0.7331,1.8839,1.8141,1.198,0.286,2.5894,2.8552,1.201,0.2496,2.4665,2.4884,2.0013,0.4584,2.2752,1.2506,0.1045,0.9488,2.4434,1
153,0.8575,0.199,2.9669,2.073,1.4768,1.9875,2.1016,0.8222,2.5719,1.7295,1.4405,0.284,0.4908,2.2276,2.4424,1.7859,2.6096,2.2373,2.8445,0.5302,1.0186,1
154,1.8173,0.3128,1.1638,2.5111,0.5319,1.7031,0.6311,1.5648,2.6612,0.2526,1.0944,0.8712,2.0889,1.0362,2.2896,0.4454,1.2335,2.3818,0.7366,0.8967,2.3038,1
155,1.8075,1.1697,1.9046,0.3538,1.0215,1.0621,2.6088,0.9219,1.6914,1.7954,1.2821,1.2157,2.5632,2.713,2.9358,2.6424,2.0176,1.8782,0.2973,2.8771,1.7539,1
156,0.7195,2.2893,0.2513,0.9736,1.5209,1.9671,1.1638,1.3342,0.361,1.0148,2.6147,0.9428,2.7837,2.5915,2.474,2.5213,2.8907,1.6496,1.8889,0.829,2.3031,1
157,1.8677,0.8457,0.3377,2.6856,0.6476,1.3796,2.3188,2.138,0.9045,0.5191,2.919,1.0358,1.3909,2.4476,2.693,1.6158,2.0608,0.3782,0.32,0.5657,0.6898,1
158,1.0718,2.2254,0.7641,1.4324,1.7296,2.2467,1.8251,0.5354,1.0629,2.238,0.8037,2.0788,1.1904,0.6612,0.4827,0.5559,2.9978,0.1888,1.0943,1.5868,2.6282,1
159,2.2041,0.6999,0.8398,0.4592,2.5188,0.1051,1.3547,1.9669,1.95,2.5953,2.4066,2.3929,0.2099,1.1991,0.2128,1.9948,2.8496,0.0727,2.1048,1.0227,0.344,1
160,0.8713,0.8616,1.3386,0.2606,0.5332,0.7959,1.4271,2.8842,1.0182,1.6003,2.8721,2.1852,0.861,2.9905,2.6365,1.5522,1.07,0.9717,1.2922,2.9102,1.7504,1
161,2.3964,1.4143,0.6864,0.369,2.7932,0.4685,1.5752,2.475,1.4719,1.7222,1.5555,2.1131,0.2724,1.7731,1.287,1.2992,0.4055,1.6219,0.937,2.3527,2.8959,1
162,1.2453,0.2249,2.8084,0.3174,1.5233,1.5344,1.2556,1.1256,1.0836,2.8393,1.7965,0.1381,1.6143,0.7348,2.5261,2.1659,0.845,0.8443,0.6455,2.7112,0.4064,1
163,1.6597,1.3466,1.284,1.0706,2.9329,1.8633,1.6844,1.9163,1.863,0.0084,2.4686,1.0028,0.6543,1.3397,2.5998,0.8126,0.3457,2.2337,2.3567,0.7858,0.3353,1
164,2.02,1.7507,1.1471,2.3298,2.9033,0.6597,1.4295,0.3386,0.4585,2.5696,1.9862,1.2023,2.6485,1.0992,2.1408,1.7737,0.3006,1.0602,1.2829,0.6833,0.6063,1
165,1.5551,2.4737,2.7061,1.3588,0.1916,2.8384,2.5305,2.1651,1.1668,2.7877,1.6099,1.8681,0.521,1.7005,1.306,2.6261,1.293,1.898,1.6185,1.1434,0.0923,1
166,0.7729,0.1685,2.3871,0.295,2.0454,1.1118,0.7842,2.2442,2.6363,2.5456,2.6879,1.2977,0.1631,0.9448,2.0337,0.7985,2.8214,2.4442,0.331,2.0632,2.0507,1
167,2.9381,2.3997,2.3105,1.0578,0.7299,0.0418,2.2578,0.6633,0.8574,1.653,1.6801,1.7806,2.7171,2.8412,1.646,0.0436,2.8036,1.8243,0.5713,0.5334,1.5709,1
168,0.2882,1.709,2.7423,1.4511,1.8627,2.179,1.2347,1.1397,1.461,2.6732,2.3602,2.3659,1.8231,1.494,2.1276,1.7838,1.9398,0.4744,0.3349,2.1809,0.7931,1
169,0.9748,1.735,2.2097,1.3446,2.6687,0.3357,2.5546,1.8143,2.3332,1.4898,2.7479,1.7242,1.8127,1.4708,0.2184,0.7442,2.9296,2.454,2.6007,1.5289,2.1307,1
170,1.6473,0.1533,0.9168,1.9238,1.3746,0.0439,2.4839,1.9742,2.0815,1.1031,0.9538,0.7004,1.9538,0.0953,0.9339,0.226,0.872,0.9515,2.2822,1.5763,1.5316,1
171,0.0861,2.6396,2.884,2.0418,1.9587,0.8675,0.2253,1.8608,1.3992,1.4945,2.5006,2.7259,0.1657,0.6951,1.5992,0.9782,0.4706,2.8684,2.4922,2.3042,0.8618,1
172,0.4647,0.832,0.0814,2.2433,2.0035,1.4071,2.7819,2.246,0.2215,0.1295,0.5648,2.5581,0.2159,0.6125,1.8561,1.3236,2.7329,1.8874,2.9746,0.8156,0.6275,1
173,2.3978,1.6394,2.6913,1.6076,0.5633,0.7223,2.437,2.5519,2.6018,0.0902,1.6241,1.4319,0.957,1.2574,0.955,0.894,2.6524,2.899,2.2226,2.2757,0.9154,1
174,2.3514,1.6159,1.2582,0.0898,1.2771,0.9918,1.967,1.4087,2.7599,1.5561,1.9652,2.2343,1.3143,0.2009,0.9667,1.39,0.8761,2.2107,2.4466,0.2899,2.5592,1
175,1.9109,2.7302,1.013,2.3089,0.8734,0.3946,0.5757,0.0453,2.3727,1.769,2.5736,0.204,1.5102,0.9107,0.2353,2.7159,2.2173,1.3535,2.5438,2.7956,2.9937,1
176,2.7054,1.8042,1.4237,2.3494,1.4486,1.0707,2.4974,2.4186,2.2967,0.2081,0.9477,1.8033,2.1902,2.5145,2.6766,1.0969,0.4304,0.8024,2.346,2.6516,1.1002,1
177,2.2666,2.9741,1.1994,2.1882,2.2877,2.3881,1.7744,0.328,2.654,2.2905,2.9085,1.7841,1.7708,1.4983,2.7389,0.7281,2.8153,2.2553,2.8269,2.4366,1.8289,1
178,0.8964,0.6964,2.5813,1.3127,0.435,0.9332,0.6954,1.5902,2.6211,0.4504,2.2531,2.8052,1.4546,2.6997,0.7636,0.2991,0.8516,1.186,2.6319,0.7917,2.2636,1
179,1.9346,1.9865,2.4183,2.6607,1.6594,1.7452,1.9193,2.1409,1.4241,0.6395,2.7686,2.16,2.3617,1.2199,0.8288,0.0943,0.5793,0.9635,1.2302,1.588,0.7743,1
180,1.0202,1.7305,2.24,0.289,1.5124,0.6305,0.3598,2.4218,1.176,1.4281,0.7661,0.0531,1.6554,1.7502,0.3499,2.5676,2.9402,1.8963,2.9708,2.8474,2.0407,1
181,2.2495,1.5406,0.6981,2.2205,1.1549,0.3739,2.0976,1.5912,1.3666,2.3233,1.641,1.4784,0.1706,2.5888,2.0725,2.2175,0.1469,0.0811,2.7453,2.0039,1.3443,1
182,1.1544,1.8829,1.3197,1.7889,2.5251,0.9539,0.5784,1.899,0.4008,1.466,1.3573,2.8556,1.5102,1.1012,1.9286,0.6844,0.7124,1.5051,1.4927,2.9329,2.7515,1
183,0.4597,1.6518,0.2251,2.1004,1.0508,0.0997,0.9173,2.8936,0.576,2.7012,2.8841,0.4055,1.0932,1.4045,1.1453,1.1277,2.9994,1.8243,2.2181,0.3541,0.4715,1
184,2.6294,1.0105,2.2275,0.2018,2.3997,1.4207,0.0689,2.3105,2.0649,2.2733,2.4383,1.9781,1.0918,1.2486,2.3796,2.87,1.3657,2.4109,2.5876,0.3784,0.2722,1
185,2.0712,1.9247,0.1265,2.9044,0.2121,2.1156,1.1201,0.8527,2.213,1.6854,0.4936,1.081,0.6095,1.5842,2.4355,1.0247,1.1602,1.0445,2.6796,0.0483,0.1347,1
186,2.234,0.2502,1.1878,0.0907,1.318,1.2649,1.8194,2.8043,2.078,2.6075,2.7323,1.2368,2.105,0.826,0.1735,0.4299,1.8131,2.1025,1.1882,1.8839,1.2872,1
187,1.6788,1.4371,0.4533,0.5306,0.3268,0.6768,1.9686,2.0343,1.7367,1.0403,1.0861,2.7395,0.6547,2.1643,0.1636,1.8837,0.1223,1.0485,0.4195,2.4913,1.2925,1
188,2.3488,1.3585,2.5562,1.5499,2.5403,0.9736,1.2482,0.9065,0.4644,1.7384,1.4198,2.4912,0.3829,0.6541,2.0009,2.9408,0.073,0.0319,2.0217,0.7531,0.5699,1
189,1.3436,0.6397,2.7556,1.7187,1.9936,2.4584,0.8401,0.8282,1.1331,1.9319,0.1641,1.0561,1.9674,0.1993,0.9631,1.2292,1.1635,1.7975,1.8023,2.4979,2.4161,1
190,1.6974,1.7043,0.8685,0.5338,0.6373,0.7235,0.2857,1.3288,2.8528,0.2734,1.5318,2.0171,2.4038,0.3794,2.6434,2.4668,2.7158,1.103,1.6774,1.2315,2.2698,1
191,0.1877,2.0098,2.6172,0.8623,1.1171,0.9944,1.0685,1.5285,2.8579,0.7894,2.7169,0.8171,2.731,0.47,0.5299,2.1948,2.6803,1.5532,2.041,1.6623,2.053,1
192,1.6652,0.375,0.5341,2.7454,0.3816,2.0608,2.3453,2.5348,0.8849,2.9457,1.3904,1.659,0.6758,1.4885,0.9584,1.8778,2.5016,0.9226,1.7787,0.5859,1.9743,1
193,2.4438,0.8909,2.1334,0.964,2.6551,0.7477,2.7997,1.37,1.1234,0.9168,0.0975,0.5515,0.0156,2.3198,0.3662,0.6571,2.5702,2.2021,1.8078,0.0794,2.0877,1
194,2.1166,0.1861,0.752,1.3356,2.6783,2.7894,2.7621,2.1335,0.5539,2.7282,2.5308,2.3469,1.609,1.2715,2.5646,0.347,1.3534,0.7066,1.9702,1.6009,2.3393,1
195,2.4095,1.7915,1.3366,0.3345,2.6772,0.5186,0.253,1.0052,1.0774,0.1519,1.4104,0.415,2.9446,0.4946,2.6454,2.1131,2.2716,2.1909,2.6074,0.9252,1.4029,1
196,1.4883,0.2451,1.833,1.7068,1.8168,0.0737,0.3833,1.4072,1.3431,0.7496,0.3047,0.2088,0.703,0.3181,1.9015,1.9988,1.9253,1.6285,0.0729,2.9612,0.705,1
197,2.644,0.6882,1.0534,2.1028,0.7934,1.2805,1.104,0.9729,0.8468,0.6953,2.0917,0.0562,1.0517,2.3014,2.9477,2.756,0.5346,2.4676,0.1863,2.4186,0.4252,1
198,0.3249,1.3436,0.5935,2.2226,1.3678,1.6209,1.6768,1.1766,2.7209,0.0062,0.5546,2.4809,2.692,1.1791,2.097,0.5371,0.1881,0.7377,0.8193,2.9437,0.9721,1
199,2.6271,1.3552,1.7636,0.6978,1.9945,1.7083,0.1507,2.0977,0.2309,2.1733,1.8305,2.0639,1.9763,0.0726,0.6391,0.6813,2.1384,0.621,0.9888,0.7388,1.6209,1
200,1.1138,0.099,2.3819,1.1077,1.2762,0.9706,0.2686,0.6951,1.3159,0.7011,1.2572,1.9863,1.8147,2.0676,1.0752,2.8073,1.32,0.0217,0.4616,2.3357,2.9112,3
201,0.2729,2.842,2.9874,1.9632,0.1738,2.3411,2.475,1.4684,0.2101,1.7562,0.7443,2.739,2.1961,2.4588,2.5777,1.1028,2.6951,0.4391,0.9518,2.9359,2.5674,3
202,1.858,0.6901,0.9669,2.9189,1.5751,2.5347,2.9896,2.2259,1.0776,0.2876,1.3023,2.1104,0.489,2.8624,0.9484,2.0934,2.9301,2.6199,1.1567,0.6319,1.603,3
203,1.3647,1.8299,0.7729,2.3094,0.2628,1.4628,1.3145,0.0306,2.2903,1.7206,0.8961,0.1208,1.3684,2.6003,0.9313,2.6833,1.4667,2.9231,1.9045,1.0399,0.2129,3
204,1.2851,0.6666,0.2293,0.6577,0.7053,2.4596,2.3782,1.2265,0.3023,1.4852,1.4107,0.2121,0.6467,0.0946,2.1462,1.6169,0.3174,0.3633,1.3649,1.8086,0.435,3
205,2.5561,1.7873,0.6141,0.1965,2.4511,2.414,2.1076,2.318,1.7385,1.4141,1.7544,0.1578,1.8138,2.0498,2.5306,0.0177,0.9913,0.8244,2.0945,2.4891,0.6834,3
206,0.4134,1.0582,0.0778,0.9844,1.8413,0.5356,2.3062,1.9691,1.7172,2.3671,1.514,0.3201,1.9412,1.7206,2.7811,2.4632,1.3756,1.4166,0.8277,0.1554,0.3913,3
207,1.8508,0.9558,0.7491,1.588,2.391,0.4209,1.2628,2.4448,1.7059,1.0532,0.1665,0.329,1.5573,1.1438,2.0133,2.8787,0.7438,1.6003,0.8002,1.2594,1.1511,3
208,1.2413,1.4232,2.178,0.8161,2.0375,0.3961,2.7874,0.7712,1.5071,2.146,1.7119,0.7701,2.2616,0.3375,0.3488,2.0757,1.2045,2.2718,0.3813,0.5029,2.061,3
209,1.5848,1.759,0.3441,2.3697,1.9731,0.2583,0.37,1.8434,1.8557,2.4204,2.8361,0.9542,0.4591,0.4336,0.5756,0.8792,2.0092,1.4485,0.9975,1.2447,0.0784,3
210,1.4982,1.7946,1.939,0.7696,0.7417,2.3309,0.7987,0.9245,0.7925,0.7309,2.5593,1.6652,1.4024,2.3345,2.4463,1.3167,2.2253,0.0728,2.9445,0.2553,0.654,3
211,0.4024,2.0655,0.8847,0.3717,2.1246,1.1454,1.9072,0.2532,0.7929,0.8914,1.2675,1.3942,0.0279,0.9629,0.9693,1.0284,2.101,1.7523,0.9477,2.7277,2.7302,3
212,1.536,0.8058,0.6866,1.8073,0.3788,0.4246,0.7488,2.358,2.3279,1.8369,2.3158,2.2102,0.7145,1.9039,2.2797,0.5595,0.4183,0.376,2.1753,0.59,1.4714,3
213,2.5863,0.2748,1.4508,2.2804,0.0546,1.6472,2.5163,0.8964,0.523,0.5483,0.5097,1.2398,0.2987,1.7371,0.2824,1.5803,2.8816,0.9562,1.4023,2.8825,1.5734,3
214,0.5137,0.7601,1.3087,0.6149,1.0173,0.8891,2.4647,2.1987,2.4714,0.0153,2.1304,2.976,0.8945,2.1684,1.1927,2.5649,1.3585,0.9685,2.319,2.2436,1.7417,3
215,0.0344,0.9801,1.3404,1.0014,0.47,0.1428,2.3671,2.3133,2.6929,1.8238,0.5319,2.1598,2.7106,2.1278,2.2396,1.7129,0.0684,2.1276,0.8258,2.8733,1.9906,3
216,0.2027,1.8221,0.3528,0.7794,2.085,1.244,2.6346,2.4178,1.7079,2.1115,0.2406,0.0028,2.7251,1.1428,2.0405,2.4021,2.4529,1.6838,1.2628,0.617,0.6818,3
217,1.3794,1.2432,1.6938,0.0863,0.857,2.4785,1.9068,0.87,0.8405,0.3206,1.9882,1.2538,0.8675,0.4497,2.3338,1.4589,0.8971,2.1757,0.0163,0.6719,2.0358,3
218,2.9234,0.9338,2.7063,2.0483,0.1038,2.1147,0.5467,2.4051,1.3102,1.7106,1.0676,0.894,1.6605,1.5306,2.2629,0.2773,2.9836,2.4729,1.873,1.4754,0.2854,3
219,0.1327,0.295,0.0279,0.1525,2.3267,2.9568,0.9867,0.733,1.5352,1.4235,1.5484,2.3314,0.8223,0.7747,1.9104,0.4038,0.4538,1.5469,0.3854,0.7541,2.3808,3
220,2.9728,1.7899,0.243,1.8358,2.8048,1.4235,0.0129,1.9939,2.0906,1.5316,0.1498,0.1784,0.7306,2.2358,2.9119,0.2187,2.653,0.7994,1.3924,2.1307,2.3506,3
221,1.6082,0.3299,1.7579,1.8814,2.1329,2.8896,1.1865,0.0259,2.8187,2.8092,0.6815,2.6208,1.4426,1.6871,1.8963,2.2442,2.2416,1.6247,0.333,0.1914,0.9675,3
222,0.3604,1.5507,0.9557,1.5905,2.8656,1.1473,1.9076,2.3562,1.2804,0.1298,0.2279,1.8541,2.803,1.754,0.8689,1.2249,0.2275,2.8979,2.1816,0.4289,2.2881,3
223,1.2556,2.0651,0.7557,0.1274,2.3492,1.4689,2.0903,0.189,0.616,0.5536,2.7833,2.6248,2.7239,2.2069,1.999,0.9845,2.0945,2.44,2.3361,2.7842,0.4098,3
224,0.6221,1.8693,2.9639,0.1121,2.7882,2.2379,2.1434,2.1548,0.9271,0.2473,0.3468,0.9942,2.6747,2.1503,1.2456,2.7756,0.2507,0.1845,2.6677,0.7375,2.5927,3
225,2.1425,0.4792,0.9246,1.5451,2.019,1.3755,0.7788,1.8977,2.847,1.8583,2.7617,2.7609,2.791,1.43,1.048,1.6707,0.3479,2.6186,2.4147,2.6151,1.4494,3
226,1.6245,1.0679,2.7626,1.4718,2.3543,0.5012,2.7708,0.1881,0.6369,2.5849,0.208,0.185,2.5571,2.4543,2.2053,1.4925,0.9375,1.0695,0.0282,2.4625,1.4124,3
227,0.8639,2.8228,1.8505,0.0464,2.3861,2.1306,1.6336,1.7489,0.7581,1.6122,0.6063,2.1578,0.4582,2.3077,2.0357,0.2314,2.1358,2.6855,2.297,2.2855,0.5587,3
228,0.7663,0.2723,0.0909,0.0323,0.3501,2.7484,0.6223,2.1188,0.096,0.0955,2.1308,0.331,0.0505,2.3669,0.1706,2.4352,1.3778,2.1438,0.8605,2.8199,2.3827,3
229,2.6009,2.0363,0.7977,2.3201,0.9598,1.0692,2.8106,2.4228,1.8371,1.5096,1.8966,2.7129,0.9676,0.2806,2.8034,0.3459,0.2205,0.3324,0.7846,1.679,1.4602,3
230,2.2987,1.3092,0.2272,0.9734,1.8502,1.2477,2.0172,2.944,1.4149,0.3302,0.1518,0.926,0.1783,2.3566,0.2561,1.9663,2.6929,1.9026,0.5825,0.0658,0.8359,3
231,1.3086,1.8405,1.6138,2.1508,0.9644,0.9269,2.0483,0.7193,2.4739,0.2598,0.9983,1.8435,0.6997,1.6735,2.1688,1.005,1.0283,1.8953,1.0205,0.9085,0.6261,3
232,1.2165,1.1812,2.725,0.5958,2.6186,2.0662,1.8226,1.2773,1.9249,0.9106,0.3862,0.9112,0.5738,1.4041,0.8067,1.2115,0.3055,0.8496,0.7795,1.1768,1.746,3
233,2.2124,0.3714,0.1579,0.7969,0.1628,1.477,0.0041,1.1004,1.9591,2.554,1.0119,1.9298,1.5129,2.309,1.7846,2.206,1.1799,1.9517,0.2545,0.9019,0.1498,3
234,2.9122,1.6872,0.0841,2.6946,0.384,0.6896,1.6551,1.9865,2.0537,2.0875,1.0734,1.3697,2.7944,2.6374,1.7631,2.4293,2.5802,0.0442,1.9903,1.4729,1.1197,3
235,0.2388,0.0183,0.088,0.5932,0.9833,2.6954,2.1653,0.5696,1.3737,2.9542,1.6147,0.763,2.0504,2.4597,1.2251,0.2906,1.6141,1.462,1.9903,2.5829,0.1831,3
236,0.4773,2.5921,0.819,1.2248,1.0285,0.0429,1.9974,1.6788,0.8899,1.4462,2.2503,0.2202,2.0681,0.1552,2.1897,1.9973,2.5684,1.9658,2.2954,1.4636,2.6266,3
237,1.087,2.3962,0.4986,1.4959,2.498,2.5046,0.6459,0.7152,0.0559,0.5585,0.0957,2.7535,1.3945,2.6414,2.6964,1.6416,2.5464,0.3561,1.1534,2.6685,1.1578,3
238,1.5231,1.1213,2.9048,2.1357,0.0449,2.5925,1.4241,0.6241,1.1902,1.0895,2.0304,1.4111,2.5619,0.5169,1.6462,1.6496,2.1087,2.4394,1.1324,0.0705,0.2147,3
239,0.2142,1.6121,2.3251,0.9623,2.4815,0.2832,2.1711,2.2628,0.038,0.2533,2.7901,1.061,2.0036,1.6528,0.4003,0.7846,0.3377,2.4008,2.5162,0.0731,1.5332,3
240,0.1605,1.5825,2.8178,1.9479,2.9174,0.0508,2.7056,1.6451,0.6404,1.2007,1.0053,2.3047,2.914,2.7581,1.679,2.1933,0.7739,2.701,2.793,1.353,0.695,3
241,0.6584,2.939,1.7396,0.6667,0.1487,1.9404,0.6893,2.3356,1.1302,1.8084,1.9859,2.1139,0.1662,0.6423,2.818,2.7296,0.5355,2.9352,0.3555,1.5409,1.7949,3
242,1.1579,0.1312,2.4632,2.044,2.8556,1.75,1.7184,1.9879,1.5664,1.9692,1.3423,2.4674,1.0394,2.0312,1.1692,1.6695,1.6231,0.8756,2.2677,0.706,2.4276,3
243,2.2178,0.8931,2.1266,0.0637,1.9809,0.5176,0.2064,2.5521,1.1413,2.9102,0.8855,2.2915,1.9435,1.0006,0.0191,0.1783,0.6347,0.219,2.539,0.9479,1.7147,3
244,1.8297,1.2211,0.8763,0.5604,0.3958,1.2983,0.5267,1.4287,0.6465,1.1349,1.5964,2.6534,1.0101,0.4875,1.2753,2.8241,0.6062,0.2933,1.5858,2.7431,2.5156,3
245,0.0876,2.3622,1.958,0.183,2.4939,0.2886,1.1378,0.038,2.2595,0.2625,0.1758,2.3613,1.1419,2.5772,0.7825,2.2109,1.6291,0.2582,2.2464,2.6991,1.8015,3
246,0.135,2.19,0.8678,0.3061,0.3576,1.241,0.0509,2.9993,0.9519,2.59,2.0371,1.9137,1.1167,2.3828,1.6612,0.502,1.3909,0.798,2.3102,0.4569,2.3971,3
247,1.3561,1.2701,1.3927,2.2446,1.1522,1.5755,1.0632,0.6889,1.0614,0.5243,1.615,2.3376,2.4571,2.7411,0.4579,1.2134,1.5927,1.2709,2.853,2.8904,1.1881,3
248,2.6246,0.0351,2.4681,1.3922,0.7158,2.6839,2.6124,2.471,0.6698,0.9745,0.7956,2.7323,0.6653,0.1899,2.9064,2.2172,2.0306,1.0519,2.6189,1.7178,2.0736,3
249,2.745,1.9438,0.6621,2.3499,1.1531,1.125,0.9068,0.5979,0.2121,0.4298,0.0946,0.5158,2.1981,0.6068,2.5656,1.8759,2.4549,2.7724,2.566,1.7064,0.9752,3
250,1.0953,1.2203,0.5247,2.925,0.4371,0.4757,0.4527,1.5318,2.2661,2.1306,2.7915,1.1817,0.6142,0.2328,0.1314,1.0118,0.3798,2.3376,2.1043,0.2686,2.1892,3
251,2.6621,0.3504,2.5547,0.5583,1.1367,2.8541,0.3128,0.8661,1.3646,2.6486,1.9638,1.3981,1.884,0.2149,2.8263,1.4099,1.4662,0.3265,1.0393,0.3427,2.614,3
252,2.7874,1.893,1.3896,2.3068,1.7065,1.9114,1.6567,1.971,1.6589,0.6326,0.1359,2.0507,1.7259,1.4751,0.2139,2.7292,0.7175,0.123,0.3191,0.2745,0.8807,3
253,1.2198,1.3347,0.5215,2.9157,1.3927,0.4044,1.2071,0.238,2.616,1.7379,2.3673,0.6598,0.5713,2.467,0.027,2.0536,2.8458,1.6314,1.3418,0.897,1.4572,3
254,2.2382,0.9192,0.9535,0.9281,1.5647,0.1801,1.8786,0.2162,2.6474,0.0733,0.3285,1.6687,1.8021,2.4581,2.4769,1.9997,2.719,2.3732,0.6873,1.2724,1.2946,3
255,1.096,0.8074,0.8417,0.2316,2.6798,1.143,1.2059,1.3848,1.7368,2.0556,1.3713,1.1542,0.4699,0.0312,0.08,1.2885,1.011,0.3239,0.8698,1.3508,0.4207,3
256,0.4607,1.5625,2.6887,1.3853,2.5548,0.7269,1.5812,2.547,2.8388,0.4346,0.3604,0.4926,1.6937,0.9641,2.0278,0.0949,2.9595,2.3113,0.8744,2.9825,1.0259,3
257,1.7256,0.743,1.4183,1.6278,0.3385,1.1008,1.2158,1.398,1.6278,0.9381,2.7597,0.6653,2.07,0.9636,1.3422,0.689,2.6846,1.0828,0.0009,2.5279,1.0683,3
258,0.2593,1.1799,2.7606,2.0642,2.2048,0.8153,0.8652,0.3539,2.6433,1.6586,1.9237,2.8722,0.7936,2.881,0.7853,1.5542,2.4331,2.222,1.0248,0.2457,2.5581,3
259,1.9901,2.8259,1.4108,1.7124,2.3884,2.7375,0.0306,2.9789,1.4111,1.3827,2.0586,0.6753,0.7144,0.8428,1.076,0.5334,0.2905,0.1326,2.3254,1.293,2.0966,3
260,2.4276,1.4333,2.8182,0.9053,2.7278,2.436,0.8486,0.3172,0.7976,2.3231,1.0355,0.6599,0.773,2.303,0.5253,1.8148,0.7711,0.7381,1.3152,2.2907,0.4011,3
261,2.7462,0.7605,2.7496,0.4873,1.1785,2.0121,2.226,0.9307,1.496,0.1,0.9794,1.1019,0.1228,0.5129,0.4057,2.8985,1.9025,2.2462,2.1534,2.0055,0.4461,3
262,1.3441,1.5638,1.7027,1.02,2.7695,0.2698,1.0349,1.6973,0.4829,0.6315,0.1896,0.2527,1.6821,0.6086,1.1926,1.8608,0.8643,0.3219,2.1031,0.6482,0.8259,3
263,0.3522,2.752,2.3591,1.4065,1.6704,2.3744,2.316,0.8083,1.1422,0.5965,2.6412,0.8911,1.8386,1.9632,1.3644,1.7213,0.7724,2.9126,2.2021,1.4542,1.8045,3
264,2.7075,2.5987,0.8614,0.5567,1.4059,1.1926,0.1255,2.0977,0.6883,1.1631,0.3957,2.7164,2.7564,1.7085,0.5035,1.847,0.022,0.2594,0.1259,0.8534,0.6987,3
265,2.6111,2.0317,0.3464,0.896,1.5247,2.6059,2.1101,1.2578,1.3583,2.5491,1.8287,1.1749,0.2923,1.6917,0.0657,1.3062,0.3165,0.276,1.4872,1.5757,0.4452,3
266,2.9028,2.6972,1.8127,2.6522,1.2369,0.1537,2.4761,2.3841,0.2771,2.8922,0.6231,1.6735,0.9745,0.4871,0.4145,0.9839,2.7844,1.2921,2.4094,2.7501,1.9668,3
267,1.7819,2.2699,0.1656,1.2705,2.0701,0.4381,0.731,0.2475,1.3039,2.8882,0.2801,1.5249,2.9267,2.5124,2.1759,2.0638,0.8307,2.7022,2.0957,0.8945,1.0741,3
268,2.0202,2.0404,1.4025,0.3759,1.5952,0.3899,1.1379,2.4673,1.7107,0.5584,0.1405,2.5027,1.634,2.5229,2.7526,1.3194,0.591,1.0611,2.1725,0.2576,1.4345,3
269,1.1198,1.2842,1.8601,1.9966,2.6344,2.4477,0.7921,2.7084,2.9688,0.6145,0.9817,2.141,1.4348,0.7348,2.9475,0.3245,1.4219,0.4069,2.9485,0.8492,2.4188,3
270,0.5494,0.4482,2.3027,1.0649,1.4074,2.8612,1.308,0.7621,2.9909,0.8618,0.3494,2.0429,1.2914,1.7217,0.5725,0.5028,1.9681,0.3278,0.243,1.3217,2.8238,3
271,0.8751,2.1961,2.69,1.5453,0.1571,2.2382,2.7575,0.7127,1.9768,1.77,2.5222,1.0629,1.6206,0.9891,1.3928,1.2097,2.0955,1.7477,1.4499,2.732,2.0834,3
272,2.162,1.9028,0.6122,1.1782,0.4701,0.9242,2.0907,2.6465,1.3641,2.5047,1.8309,1.5089,2.3134,0.5743,2.8787,2.32,2.3392,0.2579,1.2123,2.1286,2.1265,3
273,0.975,2.9036,2.5964,0.3443,1.2382,0.1552,0.3131,1.2411,2.2482,1.5259,0.5478,0.1428,0.1639,2.8314,0.4378,0.14,1.1441,2.5108,0.5911,0.2573,1.835,3
274,2.0748,0.963,1.4889,2.2112,1.4148,2.8918,2.9901,1.1934,2.7667,0.1119,0.0795,0.3967,1.4139,1.6731,2.6986,1.9864,2.9473,2.4304,0.6395,2.9098,1.6265,3
275,1.5065,2.6302,1.8684,1.7064,2.4404,0.5123,2.0395,1.7534,2.0731,2.0451,1.4092,1.6001,0.2183,0.2865,0.2228,2.5541,2.1249,2.4463,0.4839,2.0297,0.3475,3
276,1.347,0.6557,1.386,2.9669,1.7717,2.4315,2.4414,1.6468,0.5742,1.8583,2.5297,2.475,0.3015,1.3107,1.35,0.3407,0.5284,0.9688,0.9128,1.6398,1.6307,3
277,2.9029,2.8388,2.5434,0.0142,0.5083,1.4148,2.5195,2.4384,1.8272,1.1333,0.7433,1.2027,1.1541,0.7695,1.0061,2.3855,2.1658,1.1508,0.1034,1.6365,0.6244,3
278,0.4983,2.9874,0.9,1.7319,0.907,1.0163,2.7583,2.0093,1.4944,1.6078,1.7391,0.2111,0.4831,2.9307,2.2311,1.9932,2.1292,2.2833,2.108,0.5326,0.5885,3
279,1.4615,0.1415,0.0244,1.2772,1.6086,1.2305,2.3298,2.117,2.7467,0.7196,0.7274,2.1705,0.61,0.8544,2.9306,2.2619,2.0111,2.227,2.8186,1.8141,0.9241,3
280,0.4791,0.9739,2.4876,1.3043,2.3802,0.2317,0.8088,1.2913,1.9983,0.8997,2.9094,1.0417,1.3437,1.4319,1.4965,0.1183,1.0047,1.183,1.4013,0.2834,1.5041,3
281,2.8124,2.9948,1.9849,2.1677,2.1265,0.3501,2.2408,1.5412,2.9101,1.7603,0.7435,1.0052,2.6046,0.9895,2.7274,1.0705,1.1755,2.2463,0.6246,2.871,2.6915,3
282,1.4659,2.9049,2.1495,0.7272,1.921,2.6013,2.0055,2.5649,0.139,1.1127,0.6228,2.7217,2.8482,0.3254,2.6943,2.1907,1.561,2.8449,1.1712,0.2822,0.4195,3
283,0.9959,2.0119,0.3726,1.1999,0.7666,1.3586,1.2517,2.5996,2.0947,1.0268,1.8423,1.5817,1.4693,2.6621,2.3399,0.6241,1.1909,2.4532,1.0159,1.4,1.1436,3
284,0.505,0.4034,0.6185,0.4,1.7114,2.0162,2.6102,1.8345,0.6524,0.431,0.863,2.8345,0.718,2.1132,1.0785,1.5894,2.5417,2.4648,0.8435,0.6618,0.5755,3
285,1.7823,0.0199,1.8763,1.7003,0.7361,0.9977,0.0354,1.7732,1.4034,2.6304,2.5892,2.9725,1.6427,2.7572,0.1078,1.8824,0.2424,1.9009,2.6673,2.3206,2.397,3
286,1.1969,0.7477,2.2415,1.3121,0.1958,1.447,1.5143,0.9095,2.5319,1.5511,2.2941,0.0875,1.0227,2.578,2.2815,1.344,0.3719,1.1461,2.7076,2.4129,0.7151,3
287,0.3815,2.8333,1.9834,0.1279,2.2758,2.3836,2.6535,1.441,2.9855,2.5933,2.0778,2.2276,2.4983,1.813,0.4756,1.5637,2.6283,2.0532,2.8577,1.6775,1.3917,3
288,0.0971,2.4147,1.788,0.6911,1.9505,1.9374,1.596,0.5887,0.6664,1.7776,2.8622,1.598,2.8653,1.7412,1.4429,0.0447,2.8366,0.5003,0.7466,0.7362,1.1765,3
289,1.1739,1.2855,1.9644,1.186,2.965,1.196,1.1461,1.4572,2.5824,0.2215,1.2896,0.1406,0.0447,2.0999,1.9645,0.3155,0.0555,2.7459,2.4589,2.7116,1.7906,3
290,1.7495,2.2837,0.4435,1.5957,2.2416,1.3833,0.3241,0.1799,0.3944,0.1076,0.1243,2.0304,0.1151,1.1648,0.1361,1.2317,0.8911,2.0049,2.0317,2.5353,0.294,3
291,1.5565,2.7068,1.3521,0.2786,0.7578,2.9591,0.5699,0.7732,0.916,0.5269,0.9451,1.2004,2.1249,2.1766,1.7468,0.9189,2.143,0.6764,2.9235,0.0703,1.9434,3
292,2.7001,0.8997,0.9885,1.858,0.0841,0.097,0.7945,0.8559,0.6529,1.1085,0.7534,1.898,2.9033,0.4008,2.7993,1.4759,1.8893,0.263,0.6378,0.2399,2.1227,3
293,2.7349,2.6232,2.2086,2.4531,1.2909,1.2052,2.9795,1.4211,2.935,0.5144,0.5315,0.3318,0.7974,1.7573,1.9579,1.9441,0.5136,0.4919,0.6762,1.8469,0.8155,3
294,2.8089,0.8086,1.5522,0.9986,1.02,0.3908,1.6453,2.0464,0.3195,1.05,1.1972,0.3913,1.8799,2.1057,2.8469,2.333,2.0652,2.8519,1.0328,2.4898,2.9239,3
295,2.3991,0.9861,2.1602,0.2002,1.547,0.3145,0.9221,0.2934,2.4051,2.7499,0.1832,2.0612,0.0502,0.4113,2.3677,0.7728,1.7705,2.3879,0.1,1.9658,2.0673,3
296,1.4328,0.1342,2.0845,0.4399,1.1236,0.1598,2.6608,1.9221,1.5707,0.0503,0.0065,1.6725,2.2306,0.1335,1.0142,2.3708,0.4908,2.6764,2.5331,0.7714,0.5115,3
297,1.5714,0.4805,2.7156,2.2889,0.144,2.2964,1.8325,2.3257,2.1634,0.2256,1.5781,0.423,1.4971,1.2391,1.326,2.9024,2.2247,1.0869,1.9216,1.3467,0.9814,3
298,1.1919,1.6526,2.5687,1.5967,0.2054,1.3713,0.8838,0.4974,0.2605,2.1371,0.4485,1.8574,2.9368,2.3096,1.8163,0.4221,2.6719,0.7971,0.7703,2.2546,0.3561,3
299,1.1986,0.0718,0.1549,0.4083,1.0758,1.6471,1.9629,0.4169,1.3843,2.1958,2.4752,1.9995,2.8219,0.9377,1.3072,2.4275,2.6457,0.5981,1.5543,0.2433,1.1655,3
320,0.1247,1.6374,2.0032,0.5037,1.7673,0.9049,0.0768,0.3041,1.6628,0.7715,0.3348,1.6281,0.3595,0.4987,2.7007,0.5878,2.1733,1.0314,1.0101,0.7471,0.0757,3
321,2.3965,0.5099,1.1204,2.4995,0.5266,1.1839,1.5658,1.8972,0.8735,0.2252,0.283,2.0987,0.6105,2.102,2.7808,0.0255,1.7581,0.0369,1.8161,1.1396,2.1033,3
322,0.7381,2.2463,0.3026,2.0385,0.5384,1.3556,1.5788,1.1893,1.951,1.0145,1.7591,0.3653,1.8586,2.1823,0.7357,1.3827,2.9832,1.7305,1.91,2.6939,2.923,3
323,0.088,0.384,1.435,2.0869,0.6958,2.4866,0.2053,0.1154,0.2497,2.0848,2.4146,2.8471,0.4355,0.849,0.1296,2.8977,0.5582,1.2101,0.7972,0.7172,2.7808,3
324,1.3994,0.621,2.5297,0.4212,2.2252,0.2733,1.9808,0.3493,0.2414,0.8291,2.3434,0.4415,1.8128,0.4887,2.0431,2.6336,1.8136,2.4483,1.6507,1.6854,0.5437,3
325,2.1536,0.8067,2.3892,2.9714,2.2926,0.5388,0.0698,1.0904,1.9562,1.5211,2.5852,0.2544,2.3097,1.3107,2.0557,1.2496,1.3319,1.2322,1.3179,0.6017,1.4378,3
326,1.3081,1.7482,0.3174,0.7618,1.4618,0.5089,0.5822,0.1562,0.792,1.3088,1.3881,1.7365,1.5923,0.5392,2.5323,0.4781,0.0164,1.5228,1.5798,0.6462,1.8137,3
327,1.0924,2.4255,0.607,1.062,0.1635,1.3968,2.2236,2.3788,2.5753,2.6805,0.746,2.4678,1.3263,0.0342,1.1526,1.1815,0.5443,0.8678,0.6179,0.4995,1.5163,3
328,1.9756,2.2596,2.0848,0.7018,2.8211,1.4318,1.205,0.5808,1.6966,1.8491,0.0734,2.5404,2.9552,2.4813,2.6102,2.264,1.7768,2.1723,0.7197,1.7354,1.6543,3
329,0.4886,2.2237,2.9046,2.8279,2.6063,2.041,2.1624,2.4311,2.6438,1.0372,2.829,1.3236,2.6074,1.578,1.105,0.2806,0.4211,0.9976,2.3173,2.7384,0.2291,3
330,0.034,2.0451,0.2315,1.8948,0.9043,2.9651,1.6173,0.106,2.55,1.1819,1.7659,1.142,2.2162,0.5504,2.3161,1.3813,1.8489,1.363,2.3322,2.8541,1.4945,3
331,1.7773,1.6301,0.2662,1.6598,0.0262,2.7512,1.3921,1.014,2.118,0.3758,2.8251,2.0824,1.9452,0.8839,2.2051,0.4675,0.0422,2.4582,0.9464,1.0077,1.7467,3
332,1.5914,1.0279,2.0869,1.2426,1.4756,0.7206,1.7776,2.789,2.9433,2.387,2.5176,0.3254,0.4978,0.9592,2.325,2.0016,2.5017,2.2832,0.7709,2.7913,1.6067,3
333,2.5975,0.5396,1.8479,2.1514,0.5046,1.2234,0.0607,0.4552,0.7397,0.5719,1.9845,1.9917,0.6157,1.3002,1.8024,1.739,0.8387,2.3763,0.3558,0.9818,2.9302,3
334,1.2476,2.5912,2.4333,1.4057,1.1401,1.592,0.0093,0.1097,1.6867,0.3404,2.2953,0.0914,1.9337,2.7962,1.7354,2.3658,2.3486,1.7284,2.1558,2.0406,1.7185,3
335,2.3583,1.2276,0.5948,1.385,1.2,2.3729,2.8139,2.5131,0.3873,0.9759,0.5127,0.071,2.216,2.4167,2.5354,0.7646,1.9298,0.386,2.3706,0.7555,1.5998,3
336,0.0538,1.9506,1.4828,0.4555,0.9346,1.5354,2.0704,2.3905,2.1328,1.9906,2.7048,1.7462,0.98,0.3279,1.327,1.4598,1.0099,0.2623,1.4451,0.691,1.8508,3
337,0.0818,0.2048,2.4027,2.4707,2.74,0.4787,0.5509,1.4892,2.4604,1.5815,2.5606,1.6972,1.628,2.125,1.1789,0.0732,0.7184,2.5899,1.1001,0.3143,0.2028,3
338,1.7957,1.0826,1.1471,0.1985,1.1686,0.1502,2.0796,0.3785,2.6865,0.0282,1.43,1.1529,0.9248,1.3594,0.5125,2.0649,2.6682,2.9343,0.3385,1.0656,1.7501,3
339,0.6787,0.3012,1.1988,2.7225,0.3363,1.02,2.7776,0.8796,1.589,1.7455,1.3136,0.7509,2.6188,0.7622,0.32,1.2183,0.442,1.9079,0.9805,0.8707,1.7676,3
340,0.2018,1.0636,0.0985,2.7493,1.7248,1.8203,2.5108,1.3332,2.7786,2.2218,1.482,2.4978,1.4177,0.2003,2.2898,0.5695,1.9827,0.7895,1.6478,2.9061,2.3624,3
341,0.3832,2.1997,2.3935,1.5701,2.6648,0.5398,1.9248,2.889,1.1434,2.1968,1.709,1.8944,0.8479,1.8731,1.9926,0.9835,0.4237,0.6178,2.6902,2.8227,1.2206,3
342,1.1242,1.0234,1.3398,0.49,0.6942,1.3641,1.5752,0.6411,1.0632,0.6154,0.4976,0.8078,2.4721,2.9034,0.4991,2.7441,1.9232,0.7174,2.8959,1.0661,2.2504,3
343,1.0114,2.0466,1.134,0.6537,1.5226,1.1507,1.8677,1.9822,2.2033,0.2267,2.8483,0.4313,1.224,0.0964,0.8963,0.5149,1.5532,2.7243,1.632,1.2464,1.2338,3
344,1.6914,0.3695,1.9662,0.4191,1.1336,2.881,0.5471,2.1211,2.7582,1.1196,1.0563,2.075,2.2464,2.7359,1.939,1.6214,1.3793,1.0957,1.5008,2.4502,0.3669,3
345,2.6628,1.1549,2.5588,2.1025,2.0267,2.0993,1.3383,2.6115,0.2406,0.634,0.1104,2.8569,0.7304,2.5603,1.0024,0.5958,2.9858,2.1278,1.393,0.6345,1.0673,3
346,1.097,1.2302,2.5988,1.0883,0.9371,2.9268,2.6274,2.0222,1.5277,2.8701,1.7959,2.3393,1.7706,0.9819,1.3505,2.8594,0.3922,2.7947,0.1416,0.8025,2.8966,3
347,0.5525,1.5271,1.0273,2.947,0.7654,1.5566,1.0892,1.124,1.3394,2.0461,0.4306,0.6521,1.1317,2.1497,1.3721,0.3301,2.738,2.7271,1.0793,0.5072,1.577,3
348,1.7341,0.6852,1.8248,1.024,2.8823,1.4745,0.803,1.3267,0.0994,0.92,2.9988,0.345,0.5759,2.1199,1.2796,0.0618,0.1561,2.6723,1.408,2.9127,1.9433,3
349,0.0065,2.096,1.1624,0.9892,2.4701,2.9322,1.5621,1.4258,0.3315,2.4712,2.788,1.8289,2.0047,2.0866,0.6272,0.3582,0.089,1.0235,0.5946,0.5028,0.1029,3
350,1.1545,2.6469,2.5165,2.0301,2.1095,1.2229,2.4381,1.7658,2.4613,1.8011,2.2643,0.2634,2.252,1.8742,1.0419,2.9018,2.6318,0.8725,1.1662,0.3676,2.5752,3
351,0.9517,2.4379,2.3807,2.6348,1.9687,1.6599,2.6459,1.5962,2.8397,0.1236,0.2002,2.3652,1.8005,2.4323,2.3096,1.0629,1.1147,2.1522,0.9694,0.1897,1.7035,3
352,1.1622,0.0926,1.9852,1.58,2.8014,0.0719,2.9961,0.3078,1.7104,0.6518,2.5301,0.2632,1.3924,2.5914,2.2815,2.4612,1.4644,0.2404,0.0668,2.7381,0.983,3
353,0.1524,1.4643,2.4706,0.3666,0.1714,0.507,2.8929,2.3193,0.7216,0.7736,0.5482,0.9246,2.2211,0.7237,2.7185,0.3354,0.2979,0.9652,2.9648,2.8442,2.5596,3
354,1.6627,1.032,1.5294,0.5121,1.3216,0.8605,0.3237,1.0933,2.9391,2.7478,1.8975,0.2979,0.3338,1.5275,2.1115,0.7892,2.0196,0.9453,1.5974,2.9457,2.0961,3
355,1.8725,1.7185,1.7131,2.1452,1.8688,0.735,1.3674,1.8744,1.2698,1.9195,0.5164,0.0943,0.0869,2.728,2.7045,2.4948,0.2007,2.4758,1.7365,1.5489,0.0096,3
356,2.2484,0.2499,0.4879,2.2973,0.3865,1.3006,1.6569,0.9331,0.3997,0.5657,2.1498,0.7031,0.6497,0.2979,2.7461,1.3055,1.3157,2.9828,1.5218,2.7291,1.0869,3
357,2.8724,2.1889,2.1238,2.9697,2.9865,2.6674,2.0335,1.3422,2.3633,2.5415,2.1185,0.8343,2.2054,1.6551,2.7972,0.3672,0.642,2.1122,2.7242,0.4555,1.7926,3
358,1.0642,1.2503,0.8645,1.7197,2.059,0.6286,0.334,2.9875,2.0995,1.1651,1.0419,2.1493,1.6326,2.392,1.504,2.2522,2.8848,1.9447,1.8362,1.4669,0.6034,3
359,1.9689,2.8317,1.6855,2.3461,2.2774,0.1426,1.0925,0.0421,2.0711,2.974,0.7182,1.4916,0.9206,2.6998,2.4782,2.3952,2.8365,0.6983,1.1727,0.207,2.1359,3
360,1.3261,0.0572,0.0062,2.0245,2.8983,1.6876,1.1289,1.9185,1.1511,1.6605,2.5295,2.6596,2.0415,1.9753,1.9763,2.1687,1.685,1.2164,0.8346,0.584,0.3393,3
361,0.6451,1.2532,1.1922,1.6494,1.7344,1.0908,1.8223,0.5657,0.8467,0.0371,2.8303,1.1669,1.0494,1.5691,1.2408,0.888,1.2925,1.6144,0.6082,0.1614,2.1646,3
362,2.6679,1.4601,1.8474,2.4247,2.739,0.1399,1.1074,2.8643,0.6863,1.2107,0.5067,1.5032,1.0417,1.4846,0.9543,2.6108,2.9851,0.5881,1.8663,0.7573,2.4432,3
363,2.2377,2.4932,1.8922,0.6114,1.1189,2.28,0.9463,2.4619,1.8079,2.0129,2.9866,1.9613,2.3377,0.7944,1.363,0.1927,2.7184,2.3184,2.7069,0.495,1.33,3
364,2.8284,2.2692,1.6912,0.4594,2.7647,2.8133,0.5586,2.4962,0.9413,1.302,1.7042,1.4668,2.9314,1.0202,2.0357,2.2018,1.6547,1.5576,2.4925,2.899,0.3949,3
365,2.4646,0.5461,0.7561,0.9292,1.5219,2.236,1.9885,2.5128,2.1787,1.98,0.9733,1.1321,2.9682,2.0683,2.3058,1.9031,0.0964,2.6287,0.225,2.3567,1.6997,3
366,2.7524,0.9232,1.9631,1.1549,2.326,2.3989,0.9267,1.0315,2.7423,0.2811,1.459,2.2363,0.8398,2.6514,0.8742,1.42,0.7529,2.9106,2.8915,0.5374,2.0003,3
367,0.3841,2.2073,1.9837,2.8485,0.8149,2.275,0.6143,1.5187,2.5377,0.0456,0.1946,2.4086,1.7958,2.8481,0.5774,1.3697,2.0774,0.5633,1.989,1.2845,1.418,3
368,0.0471,1.2591,1.7698,2.4748,1.4289,2.9361,2.7341,2.7667,0.1031,0.2804,1.532,2.603,0.6727,2.7816,1.2172,1.9591,2.4161,1.8207,0.8515,0.8367,2.3123,3
369,0.5958,0.7891,1.1312,2.2331,1.669,0.4188,1.154,1.4135,1.9402,1.9143,1.8037,0.6218,0.5522,0.806,1.1301,2.469,2.4736,2.132,1.1469,0.3368,2.9604,3
370,1.2364,2.792,0.4563,2.6746,1.5466,2.6312,0.8577,2.8194,0.1554,0.6663,1.5502,1.3516,0.6745,0.7381,1.1399,1.9937,2.8608,0.5862,1.9405,0.8087,1.5288,3
371,2.0629,2.5294,1.6698,1.1503,2.7702,2.1047,0.2714,2.4415,0.8913,2.4512,0.0961,1.328,2.1994,0.2455,2.6295,2.878,0.6335,1.3315,2.1239,1.2149,2.3704,3
372,1.3154,1.0662,0.1557,2.9542,1.3708,2.8487,1.5588,1.4647,0.8951,2.3722,2.222,2.4552,2.291,2.6937,2.5966,2.5973,2.6899,2.061,0.5747,2.4164,2.9382,3
373,1.54,1.6486,2.7487,2.7229,2.628,2.5413,1.0237,1.5811,1.6667,0.3862,1.4734,0.7058,1.3227,1.6789,0.1133,2.4461,1.2246,0.3661,0.6581,2.2013,2.8527,3
374,2.283,2.7876,1.0578,0.5556,0.3333,1.6566,1.7548,1.5598,0.1302,0.1742,0.5069,0.7714,0.9313,0.9978,1.0675,2.8466,1.5216,0.2921,2.096,1.287,0.2819,3
375,0.2118,0.6497,0.8487,1.1332,0.6314,1.9741,0.9329,0.8063,0.689,2.0039,2.5037,2.1384,0.9057,1.9478,0.8194,0.2894,0.1578,1.378,0.6889,0.0958,2.0307,3
376,2.0349,2.7274,1.3521,0.9239,0.5271,0.7381,1.4077,1.0497,2.803,2.0986,1.8624,2.5393,1.0023,2.4777,2.7674,2.2649,1.4286,1.3025,1.1205,2.9503,1.7211,3
377,0.1462,2.6534,0.3115,0.579,0.5485,1.0036,0.3847,1.2827,0.0891,2.6617,0.0612,2.4504,2.4371,2.1776,2.9881,1.6425,1.6661,2.4296,1.1903,2.1342,0.6638,3
378,0.7459,2.1795,2.6525,2.8117,1.7569,0.4483,0.1863,1.5994,1.0329,1.0494,1.3028,0.1686,1.1967,0.5719,1.7116,2.8418,1.9537,0.3598,2.4493,2.4326,2.1347,3
379,2.1668,2.0582,2.9387,1.1719,0.3055,1.209,2.7995,2.6276,1.4706,0.0801,2.2901,1.3603,0.6844,1.6829,0.3641,0.8718,1.4194,0.7133,1.542,2.2361,0.8722,3
380,2.0492,2.0551,2.4697,2.6071,2.0203,2.479,2.2033,1.4538,0.3262,2.2661,1.9473,1.0876,2.5243,0.055,0.1889,2.0875,0.445,1.488,1.5821,1.5638,0.1133,0
381,1.2159,1.6327,1.7213,1.7895,2.6148,1.024,1.2592,1.6757,0.8755,1.7935,1.144,2.3205,0.4729,0.8372,1.4542,1.7842,2.6824,2.3715,0.945,2.1833,2.322,0
382,0.8837,1.7469,2.8222,0.1794,2.7678,2.6453,0.5977,2.121,1.8733,2.8623,2.3926,1.3112,2.818,1.7028,1.7875,1.0996,0.503,1.494,1.7805,2.3343,2.0231,0
383,2.4843,0.592,0.9912,1.3006,0.1665,0.587,1.9902,2.3982,0.9914,0.9115,1.4147,0.64,1.2021,1.9267,0.2544,2.3442,2.9142,1.9893,2.0536,2.1191,0.2419,0
384,0.8243,1.6878,1.3953,2.3401,0.7391,1.9406,1.8087,2.9181,1.6743,0.0294,0.4807,0.0392,2.3731,0.633,1.9735,2.4921,0.8969,0.8204,1.33,2.5217,0.8559,0
385,0.0936,2.0188,0.5146,0.9568,1.3228,0.7024,1.8623,2.2164,2.8323,0.1689,0.413,2.82,1.5382,2.045,0.0952,2.2147,2.3133,1.5172,1.54,2.3702,0.8911,0
386,0.7418,1.4566,1.2742,0.8782,0.0435,1.9099,2.933,1.7963,0.2893,2.654,2.6918,2.6295,2.0949,1.0503,2.3906,1.9965,0.8015,1.1593,1.2856,0.0215,1.1741,0
387,0.0636,2.0379,2.7828,0.2806,2.0213,2.359,1.0585,2.1512,2.0131,1.0612,0.7834,1.6716,1.9755,0.1799,0.138,0.2695,2.2844,2.7533,0.6512,1.8334,0.0976,0
388,2.4321,1.3746,1.9901,1.4221,1.3641,2.635,2.7848,0.3667,0.0742,0.2229,1.7666,1.9481,1.7493,2.9604,2.2267,1.4068,1.2768,1.8004,2.9001,0.1784,0.5462,0
389,0.3668,2.4105,1.6371,2.8272,1.2807,2.2864,1.3003,2.2176,1.1688,0.0861,0.7426,1.6713,2.7986,1.6854,2.2919,2.0744,0.3346,1.5963,2.2276,0.9735,2.9426,0
390,2.9219,2.1627,1.6079,0.0561,0.4667,0.4263,2.9252,0.6574,2.1543,1.9167,0.9617,1.0742,1.6717,1.8211,0.6863,2.2646,1.6372,2.8401,2.5116,2.6183,2.2031,0
391,0.639,0.2671,1.9051,2.6603,0.2069,2.056,2.9171,2.6412,2.8694,1.0812,0.9744,0.9065,1.6443,0.4884,0.6473,2.7147,0.2413,0.4399,1.7824,2.0128,2.449,0
392,0.9182,2.3079,1.8297,1.7991,2.652,0.8826,1.2455,2.6166,1.3892,2.2264,0.0434,1.5202,2.3275,2.2746,1.5223,0.0115,2.2978,1.0976,0.8643,0.6144,2.8158,0
393,1.7556,0.8544,1.3576,0.841,1.7952,1.5184,1.4964,1.8848,1.8876,1.8235,0.0306,0.901,1.3859,0.2126,0.1821,1.1761,0.571,2.8297,0.0537,1.9379,1.3145,0
394,0.9246,0.2443,1.5325,2.695,1.039,0.4239,2.6848,2.8143,1.4633,0.6932,0.2653,1.6799,1.1112,0.4924,1.2929,2.5781,2.6662,2.9,2.8694,1.4979,1.164,0
395,1.1379,0.3637,0.304,2.7825,2.6405,1.3265,2.678,0.1534,0.3557,1.8246,2.1784,1.4389,1.9431,2.4991,2.18,1.4362,0.7657,1.0291,2.9166,1.7605,1.9545,0
396,0.3126,0.972,1.3303,2.9194,0.3503,1.9751,0.2863,0.2278,0.2702,1.1846,0.8302,1.3217,1.3186,2.2977,2.6154,0.4245,0.2966,2.481,0.6822,0.9571,0.4331,0
397,1.1672,1.5739,2.0242,1.388,1.1935,0.3429,1.5146,1.4876,1.6678,2.0135,1.3259,0.1659,0.5567,1.3338,1.2242,0.1651,2.0331,2.8867,1.8046,0.501,1.3925,0
398,0.0757,0.9906,0.67,1.2433,0.2199,1.7667,0.2945,0.5949,2.6232,0.7381,1.8578,2.2989,1.7474,0.4752,0.4577,1.9583,0.8273,1.0419,0.5462,0.3574,2.626,0
399,0.6719,0.6103,0.8308,1.9938,2.3807,2.6555,2.5397,0.0672,0.769,0.9088,1.5317,2.1844,1.0476,1.4526,0.3949,0.4711,1.752,0.2614,1.3003,0.2446,1.3095,0
400,2.7284,2.3077,2.4145,2.6664,2.6486,1.5801,0.81,2.8788,2.2422,0.5064,2.6817,2.4808,1.534,0.8127,0.6466,1.3339,2.7597,0.7103,1.4785,2.9705,0.1203,0
401,0.8423,1.1213,0.4077,1.0499,0.8542,0.9799,0.988,1.2567,1.8841,0.4014,2.3412,0.5532,2.5123,1.1139,0.7154,1.275,1.3046,2.9887,1.6369,1.1189,0.5216,0
402,0.8127,2.6217,0.5864,0.9959,2.4549,0.6193,0.9592,2.5201,1.0104,1.2097,2.6413,1.3942,2.9073,0.5273,2.9228,1.1427,2.9269,2.4431,0.9666,1.144,2.1949,0
403,2.0378,0.7335,2.4555,1.226,2.8549,1.3915,2.1561,0.8565,1.9714,1.8406,0.9127,1.8698,2.9852,2.736,2.9579,1.2777,1.9356,0.2868,0.3142,1.9379,2.9571,0
404,2.6487,2.0697,0.3628,0.0631,0.691,1.1836,0.9712,1.896,0.1916,1.7581,2.9587,2.1563,0.2628,2.4737,1.4817,1.7946,1.9656,2.5984,2.5023,0.5693,0.9868,0
405,0.8875,1.0724,0.9016,2.5202,2.8973,2.0814,1.3228,0.2074,0.7645,0.571,2.8554,1.4213,2.7279,2.9557,2.6823,2.2199,0.0854,0.7929,2.9074,1.8195,1.8973,0
406,1.129,2.5492,2.7311,1.3729,1.0073,2.2217,2.6211,1.8575,1.1442,1.1644,1.9789,1.3488,2.9068,1.0433,2.8236,2.6242,2.6462,0.858,2.0669,0.8695,2.99,0
407,2.144,1.9392,1.2388,1.4003,2.1248,2.0932,1.3208,2.1185,1.9263,1.3121,2.4082,2.9292,1.2619,1.2992,0.5933,1.5146,2.6453,2.0211,1.4833,1.0772,2.2086,0
408,2.3764,2.0358,2.4525,1.8984,1.6101,2.2744,2.7532,1.8516,0.1086,0.6536,0.5466,1.3104,1.1373,2.0555,0.6524,2.8258,0.151,0.7751,0.7105,2.336,0.0462,0
409,1.8414,0.2786,2.2937,2.4268,1.0482,2.3702,2.7509,1.4429,0.127,1.8624,2.9185,2.9198,1.3873,2.7541,2.4428,0.1112,1.9834,1.3209,2.2761,1.8573,0.2566,0
410,0.537,2.2541,0.0599,2.1163,1.8042,2.1764,1.3629,2.2154,2.7811,1.0221,0.5779,1.4075,0.3013,0.381,0.7688,0.3017,0.2914,0.3918,1.5585,0.5187,1.9197,0
411,0.5422,1.0633,0.6588,1.0007,0.0009,0.7508,0.6956,0.6759,1.5885,0.2952,2.3843,0.7694,2.052,0.4106,0.908,0.0574,2.7178,0.7515,1.8325,0.1183,1.5965,0
412,2.2739,2.2206,2.7356,0.8841,1.5052,1.7327,2.8151,2.0243,2.69,2.0512,0.1017,1.0918,0.7291,0.2015,1.3295,0.7645,2.2685,1.0082,0.2659,2.913,1.7459,0
413,2.1205,2.5356,0.9639,0.9994,1.4981,1.1736,1.6736,0.8608,2.9904,0.5187,2.3073,2.2121,0.6175,0.1472,0.9914,1.5383,0.0477,2.667,1.4348,0.8662,0.1261,0
414,2.6888,0.3672,1.2117,1.5965,1.9021,0.2317,1.0657,0.1956,0.5001,1.058,1.7183,1.4892,1.3861,0.6534,0.7901,2.9117,2.4343,0.5954,2.1152,2.5094,1.2623,0
415,2.3394,0.046,2.8044,2.4323,2.296,1.8879,0.1779,1.1233,1.1327,2.3148,1.2109,2.3133,2.4943,0.9006,0.1352,0.8868,1.7274,0.0704,2.1346,0.1216,1.6247,0
416,1.2636,2.2739,0.3291,0.0239,2.6403,0.4256,1.3917,2.2575,2.9599,0.3821,0.8085,2.2278,0.2141,1.341,1.8376,0.318,1.9031,2.8506,0.3953,2.0129,0.817,0
417,0.3998,2.9056,2.915,1.8158,2.4057,2.0569,0.1035,0.4968,0.023,1.6513,1.4209,1.5651,1.6598,2.0605,1.8739,0.5785,0.4634,0.6812,0.6796,1.9079,1.4032,0
418,2.6714,2.7011,1.9402,2.5316,2.6151,1.6127,1.8809,2.325,2.9467,1.7721,0.8717,2.2763,2.7783,2.2524,1.3332,0.2635,2.9018,1.1494,1.5785,1.2254,1.4847,0
419,2.0866,1.3066,1.8856,1.6844,1.1262,0.214,1.1841,1.0725,2.9991,0.8102,1.0852,0.7935,2.6073,2.695,1.4118,0.5651,1.6855,1.1658,2.2035,2.6876,1.2517,0
420,1.7291,2.5009,0.0025,1.1432,0.3173,1.2638,0.8744,1.4759,2.2644,0.3401,2.9763,0.604,0.4394,2.3864,1.0805,0.6749,2.2918,1.8738,1.7689,1.5263,0.5651,0
421,2.0456,0.0705,1.8922,1.4222,1.9514,1.6401,0.6589,0.2085,1.1683,1.2138,1.1047,2.3451,0.821,0.9274,2.7051,0.6601,1.4122,2.7459,2.9832,2.6804,2.8105,0
422,1.1554,0.1755,2.4664,1.5437,0.1354,0.7475,2.2707,0.5019,2.0308,0.698,2.6133,0.2111,0.1057,2.9681,0.5077,1.3672,1.6899,1.5899,1.5591,0.8271,2.7478,0
423,1.0298,1.7444,1.1822,1.8811,2.8637,2.7928,2.6976,1.9984,0.0625,1.1521,1.3432,0.1992,2.3427,1.0336,0.3977,0.1206,1.2725,2.5472,2.9504,0.4864,1.2938,0
424,1.7263,1.5826,0.2193,0.2253,1.4465,2.8524,0.026,2.7421,1.0563,0.4207,2.5974,0.2965,0.1921,0.4156,2.8375,0.6347,0.0068,0.8269,0.6693,2.9842,1.0511,0
425,1.4482,2.4746,0.3961,2.3773,0.7696,0.3117,1.589,0.8009,0.108,1.1997,2.1287,1.1384,1.8247,2.6776,0.8249,0.0132,0.9945,1.6503,2.0956,2.2153,2.1513,0
426,2.1269,0.7004,0.2328,1.655,0.0931,2.1527,0.2342,2.065,1.2832,2.7619,2.5788,0.293,2.513,2.742,0.9632,2.0823,2.9745,1.7248,0.5142,0.1095,2.0976,0
427,2.8083,1.388,1.2449,0.8313,2.5291,1.2829,0.1058,2.6394,2.0506,0.0268,2.171,0.5437,2.051,1.2872,1.1573,2.2546,1.9381,0.6105,0.607,1.1455,2.5022,0
428,2.5419,2.9685,2.4512,2.7466,2.5016,2.5003,2.9492,2.5384,0.0596,1.718,1.858,2.1071,2.5324,0.5665,2.2058,2.9785,0.0693,2.8917,2.7695,2.9443,0.4519,0
429,1.1624,0.9083,0.1761,1.1956,0.4019,2.8109,0.9399,2.8547,2.6867,1.2511,2.6647,0.4032,1.8251,0.9507,2.2141,2.5147,2.9395,0.2557,2.6208,0.3798,1.0351,0
430,1.1174,1.2134,1.2173,2.3246,2.3162,1.5017,1.6012,0.3242,0.2672,2.5361,1.9997,1.3777,0.1401,2.8196,2.6697,2.4855,2.1565,1.3603,0.1576,1.071,2.5031,3
431,2.7805,1.8226,1.2025,0.8926,0.2619,1.9026,2.7089,2.0054,0.7099,2.3051,2.4961,1.7441,0.5238,0.296,0.6078,0.7726,2.0092,1.5559,0.6224,2.0692,1.3538,3
432,1.1839,2.9853,1.1942,1.6446,2.0875,1.1015,1.9268,0.8746,1.1678,1.3561,2.0245,2.8222,2.6641,2.1665,2.4356,2.5675,0.4822,2.9465,0.548,2.4883,1.0164,3
433,2.4007,0.5482,1.5802,0.5696,1.5987,1.9971,1.0481,0.128,0.3359,0.7675,1.3799,0.9891,0.4042,0.1085,0.1044,0.9238,2.6734,2.3501,0.2693,2.3967,1.9993,3
434,0.2782,2.0729,1.6058,0.8208,1.9232,2.9725,2.1063,1.4974,2.2444,2.8295,0.856,0.3109,1.0536,1.9442,2.8506,2.0293,0.5289,1.0078,2.8014,2.1801,2.1129,3
435,1.3533,1.2426,0.6122,0.9876,0.4116,0.9972,2.3489,2.8724,2.0387,2.4614,0.9697,2.4164,1.2441,2.4288,2.4175,1.2923,2.9295,0.7541,1.8402,2.726,0.6164,3
436,1.5487,1.2022,2.3833,0.4308,2.3783,0.0889,1.9369,1.0353,1.7687,2.6486,2.5052,0.5554,2.1978,1.8011,2.6565,1.6282,0.0326,1.605,0.9546,0.5372,0.5176,3
437,2.4265,0.7704,1.5511,2.2815,2.3608,2.9132,1.1599,0.7852,1.2883,0.2575,0.7764,2.311,2.988,0.0302,1.1241,2.5211,2.0342,1.4813,1.8011,0.706,0.3383,3
438,2.6328,1.3963,1.0562,1.3519,2.5246,0.0816,2.2668,2.9727,1.7865,1.1799,0.8699,0.4221,2.3231,0.2119,0.777,0.4756,0.8093,2.7282,2.9108,0.2297,0.2859,3
439,0.458,1.7244,2.8924,1.0413,1.2082,2.0631,1.1201,2.0147,1.1278,1.4035,2.9301,0.0424,0.4017,1.4707,0.8534,2.7213,2.0182,0.3751,2.2769,0.9537,0.4638,3
440,1.8515,1.1767,2.1175,1.7552,0.777,1.7398,1.0864,0.4715,1.9974,0.8841,2.0259,2.5825,0.1915,2.2847,0.8569,1.8068,2.5876,2.7024,2.3193,0.6031,1.508,3
441,1.8874,1.5171,0.4891,0.6897,1.6493,1.2119,0.8441,0.0621,2.6847,0.6691,1.0088,1.9711,1.4493,0.3794,2.2409,0.3441,1.5959,1.5408,0.1432,2.2934,0.4488,3
442,0.4546,1.908,2.9075,1.3136,2.0955,2.7888,2.9218,0.2468,2.3195,0.9764,2.0824,0.2932,0.4276,1.1531,1.4416,1.4605,2.1692,0.9287,1.9036,1.091,0.2508,3
443,2.5007,2.5552,1.7348,1.7031,2.2813,0.3606,0.3585,0.2473,1.0999,0.5126,1.3318,0.7698,1.1806,2.8713,2.6676,2.8663,0.692,0.4514,1.0992,0.0025,2.8223,3
444,1.6604,1.6831,1.0208,1.8479,1.3467,0.7162,0.1584,2.6599,2.6569,2.8691,0.1955,2.373,1.8565,0.0261,0.9417,0.3626,2.4764,0.6346,0.3235,2.8907,0.8797,3
445,2.8851,1.1477,0.7123,1.2674,1.8266,2.4873,0.8768,2.1084,0.9367,2.7041,2.7157,0.3146,1.4908,2.9331,0.0177,0.0653,0.2179,0.9707,2.1672,2.2768,0.9574,3
446,0.5589,2.8845,0.2035,2.2291,1.9386,0.021,0.3706,0.5451,2.0383,1.8638,0.1578,2.641,1.0531,0.5671,0.1292,0.1546,1.492,2.6677,0.8123,0.5598,0.1488,3
447,1.5749,0.5176,0.7318,2.6005,1.7744,0.7882,1.099,1.3004,2.2182,1.7183,2.8308,0.3345,1.2232,0.5654,2.5074,2.3803,0.5469,2.045,0.867,0.0267,1.4132,3
448,0.9704,0.1365,0.8671,2.8901,2.1532,0.5076,2.8157,1.3476,1.2338,2.971,1.2441,1.6276,2.9992,2.5616,1.7404,0.7935,0.5436,1.6369,1.1974,2.406,1.8157,3
449,1.9274,2.7251,1.0324,1.6807,0.9283,1.2622,2.8436,2.5911,2.5825,1.4964,1.6328,0.5537,2.3303,2.9103,2.6149,1.2427,0.2972,1.2601,0.3967,0.219,2.2259,3
450,1.8242,0.7976,2.9639,2.8957,0.7047,2.2094,0.6843,2.9204,2.9207,2.2856,1.4615,1.6459,0.3705,2.2179,0.5813,1.5392,0.8142,0.4989,2.7939,0.0916,2.5873,4
451,1.5373,0.4546,1.7773,2.8151,0.8664,2.8578,0.8867,0.0258,0.3604,0.0977,1.385,0.5321,1.4277,0.0247,1.0887,1.0027,0.4972,0.5969,0.0777,2.7624,2.4022,4
452,0.9746,1.1559,0.5765,1.9658,2.3754,0.7327,1.2065,0.0808,0.1366,1.2733,2.5313,0.347,2.1618,0.5054,2.2432,0.5964,0.327,0.2952,2.0973,2.1722,0.1176,4
453,1.5118,1.0287,1.1118,0.4036,2.9056,0.0393,2.8492,1.8393,0.8813,0.5749,1.0064,1.0922,2.9076,2.904,1.5315,1.5251,2.5059,1.4559,2.1196,1.4955,0.3875,4
454,1.1168,1.064,1.2971,1.9234,0.9538,2.2263,0.7951,0.164,0.0788,0.254,2.9656,2.1305,0.9152,1.6704,2.0601,1.904,1.4394,1.5218,2.081,0.2216,1.2508,4
455,2.6723,2.5533,0.2494,1.5936,1.9629,2.729,2.2878,1.2433,2.9612,2.5274,1.7403,1.5817,2.4312,2.3907,2.5028,0.8407,2.624,0.4575,2.007,1.45,2.0055,4
456,1.3846,0.8713,1.4052,2.1076,1.7438,0.0438,1.9175,1.9129,0.8073,2.1941,2.4918,1.6617,2.2451,2.4402,0.5937,2.4586,2.3116,0.3347,1.5177,0.8614,2.9158,4
457,1.4257,0.3979,1.5249,0.8124,2.6412,1.842,2.6384,1.5485,0.4696,1.0648,0.5041,1.5374,0.3378,1.716,0.2985,1.6002,0.5889,0.7335,0.9934,1.5447,2.8447,4
458,0.7757,0.6471,2.7288,2.9791,0.045,1.7811,0.8306,0.5572,1.7571,0.3657,0.5641,1.7102,0.1118,0.699,2.5362,0.3648,2.2845,1.6688,2.6388,0.0135,2.7945,4
459,0.7615,2.8491,1.2997,1.039,1.8657,1.6654,2.7837,0.861,2.8662,2.394,0.9336,0.4335,0.2205,0.9336,1.2978,1.9902,2.477,2.1841,1.5378,1.8284,2.3695,4
460,2.8617,1.2865,2.066,2.9988,2.6093,1.8808,2.9896,1.6192,2.6177,1.0566,2.6158,1.3479,0.2977,2.5875,2.3011,1.0936,0.3032,1.6586,0.6576,1.9673,1.6548,4
461,0.942,1.0821,2.039,0.8292,2.8949,0.8365,1.1888,0.4576,2.6264,2.345,1.223,0.2616,2.0831,2.904,2.9753,1.8684,2.8667,1.0413,1.3824,1.7961,0.327,4
462,2.605,2.3321,0.5249,1.433,1.2491,2.6824,2.8068,2.789,0.5933,1.8174,2.399,0.3036,0.1164,0.6187,0.3488,2.3535,0.2981,1.1431,1.382,1.8618,2.5536,4
463,1.7843,2.8068,1.7015,2.0444,1.4447,0.6637,2.1964,0.7607,0.8044,2.1628,2.0409,0.693,2.2924,2.0493,0.8138,0.098,2.2795,2.3858,0.3619,1.7978,0.1846,4
464,2.9416,1.5306,1.3471,0.7792,2.519,2.8359,0.677,2.5341,0.2646,1.7929,0.5404,0.0874,1.7463,2.3304,2.967,1.2465,2.4072,1.5624,1.8037,2.4878,1.9265,4
465,0.4922,2.4437,0.488,1.2197,2.804,2.8549,1.325,0.588,2.0953,2.8826,1.4898,0.4559,2.7786,0.5454,1.0681,1.2538,1.8352,2.0817,2.8068,2.56,2.2683,4
466,2.8247,0.7937,0.0718,1.9852,0.7081,2.4942,0.7528,1.4983,1.0678,0.7216,0.3865,1.2008,0.8874,1.7282,2.7098,0.654,1.9089,0.5568,2.1325,0.885,1.5931,4
467,2.3174,1.0513,2.9875,2.2581,2.6639,1.1604,2.7088,2.4589,1.9892,2.6164,1.517,0.0641,2.6457,2.0092,1.8514,0.6309,1.9917,0.8907,2.0405,2.8939,1.6363,4
468,1.704,1.7293,0.2715,2.7505,0.36,2.8417,0.6892,1.9929,0.0995,1.8733,0.4995,2.9286,2.8013,1.1673,1.8673,0.9136,2.6257,0.832,0.3466,1.9792,2.3271,4
469,2.1266,0.7092,2.6598,1.6555,0.1542,0.6442,2.6333,0.4051,2.2259,2.087,2.0099,2.6431,1.4751,1.1398,0.178,0.4497,1.399,0.6343,2.1798,0.0039,0.6956,4
470,2.1673,0.8256,1.0996,2.8883,0.0983,1.4746,0.8309,0.7753,0.3856,2.9521,1.3727,2.184,1.1677,0.9716,0.213,0.2019,0.857,2.951,2.5517,1.3233,2.6333,4
471,1.3452,0.5626,0.2451,0.8459,0.2254,1.5145,2.6756,1.1491,2.963,0.1019,1.7771,0.7792,1.6008,2.2173,2.18,0.8171,0.9988,0.9822,1.9658,1.8192,2.1902,4
472,1.9034,0.7869,2.8939,1.8273,0.2883,0.4199,2.3791,1.5166,0.806,0.8042,1.3453,1.8863,2.4533,2.6825,2.2173,0.8552,0.2957,2.5345,1.5395,2.3681,1.9692,4
473,0.6857,2.518,1.9808,2.2725,0.7042,2.9588,2.1981,2.8975,1.4655,2.1742,1.7122,0.5386,2.626,1.7929,0.9033,1.9733,0.2162,0.3131,2.0062,0.8622,2.8619,4
474,0.0641,2.3844,1.2136,0.2496,0.8639,0.5426,0.8061,1.0472,2.4645,2.3668,1.2587,2.9718,1.9044,0.2762,2.0821,1.8935,0.744,0.2518,0.662,1.1652,2.1938,4
475,2.0295,0.3418,2.5139,2.361,2.9083,1.4386,2.1502,1.0829,1.8943,0.7487,0.8971,2.1418,0.6029,2.2085,2.6678,1.1076,1.4797,2.6259,0.4039,0.4256,2.473,4
476,1.4234,1.0468,2.1231,2.4574,2.4067,0.2579,1.8803,1.6121,0.2425,1.4141,2.8604,1.2214,0.0572,1.1309,0.3505,1.8838,2.8245,2.7279,0.3119,0.6752,1.0398,4
477,2.7167,2.1667,1.2467,1.6879,0.3106,0.8428,1.0428,0.6844,2.7769,2.5773,1.5864,1.3718,2.473,2.7635,1.3781,0.7692,1.9123,2.1887,0.2173,2.4297,0.6358,4
478,0.7921,2.5792,2.1536,2.771,0.5786,2.4907,2.9589,2.4917,2.205,2.9218,0.4469,1.1652,2.3671,1.3728,2.6408,1.3741,2.3486,1.8896,2.5664,0.9978,0.1367,4
479,2.4539,1.6806,2.2135,2.0983,2.0802,2.0379,2.8699,0.0006,2.2606,2.9152,1.0549,2.5771,1.0127,1.8173,0.3187,1.0056,2.2151,0.5522,2.5907,2.2994,2.5639,4
480,2.959,2.1798,0.5166,1.1009,1.8016,1.0941,1.9597,2.2533,1.5339,0.6276,2.3236,1.8781,0.8559,1.7935,0.9623,0.2317,1.5686,1.8809,1.3209,2.8126,2.6311,3
481,2.6942,0.7122,2.1491,2.4201,1.3377,1.9479,2.7231,2.741,0.4932,1.1389,1.6359,0.3192,2.5646,2.6824,2.1837,1.0184,1.072,0.6656,1.0349,2.9969,1.492,3
482,2.8932,2.3454,2.7497,1.5567,1.2768,0.5111,1.003,0.9934,1.9659,1.2907,1.4413,0.2828,1.1185,2.044,2.6795,2.5299,0.439,1.7667,0.9282,2.8715,2.7685,3
483,0.4772,2.4626,2.0629,2.0495,2.2376,1.98,0.5098,2.2935,0.9326,1.4551,1.7207,2.3817,0.4639,1.6546,2.3496,2.0989,0.5254,2.2761,0.5459,0.0927,0.9669,3
484,0.4952,1.221,2.3981,2.9646,1.474,2.6696,1.0048,2.1793,2.4996,2.5795,2.1679,0.8738,1.955,1.7674,0.083,0.558,1.2715,0.4384,1.9356,2.2154,2.8935,3
485,0.6849,0.7075,2.9699,2.089,2.1591,0.0421,1.7053,2.3356,0.985,1.453,2.9375,1.2928,2.9733,1.8247,1.2488,2.6922,1.9786,1.896,1.0774,2.7901,1.343,3
486,1.0844,0.0993,2.3891,2.3321,0.0343,0.8995,2.7053,1.9967,2.0111,0.8803,0.4254,1.8271,1.8531,2.1436,0.4936,2.1174,2.9822,2.2006,0.2158,2.3646,1.46,3
487,0.3462,1.8886,1.4093,2.4485,0.3011,0.7703,2.5165,1.6402,1.6244,1.8955,2.8097,0.8789,0.2058,2.7742,0.1614,2.8896,1.7723,0.9773,0.927,2.0954,0.2592,3
488,0.4521,1.8976,1.6865,0.6013,0.5571,0.2645,0.7228,0.8514,0.4613,2.3656,1.3879,2.2571,0.6115,1.2387,1.1775,0.5975,0.2461,0.9217,2.2194,1.226,0.2938,3
489,0.0554,0.0036,2.3005,0.1128,1.7772,2.7456,2.4548,1.2748,2.0475,1.8186,1.8578,2.1145,0.9673,1.4755,0.9791,1.7343,2.6955,1.6637,0.824,1.2201,2.4994,3
490,2.7999,1.5604,1.897,0.2275,1.7453,2.0671,2.6545,0.3466,2.9085,2.7832,1.2748,0.226,2.9513,2.2359,2.2627,2.0384,1.0432,2.0363,2.2879,0.8353,0.6378,3
491,1.0832,2.8153,0.2127,1.3942,2.6065,1.8455,1.7506,1.9068,0.1794,2.9426,1.3794,1.7584,0.6135,2.616,1.5921,0.0542,0.692,2.9749,0.8583,2.2186,0.1711,3
492,1.8781,0.0866,0.1805,2.8971,2.6606,1.837,1.4857,1.5439,1.7631,2.2413,1.1858,2.7895,0.9045,2.4527,0.8677,1.2435,0.218,2.0138,1.6053,0.0716,0.4484,3
493,1.3636,0.4122,0.8179,1.3382,2.424,2.0179,1.4099,0.1985,1.9433,2.6641,2.2949,1.9816,0.1424,2.127,1.5932,2.3939,2.5846,0.7496,1.442,0.13,2.8369,3
494,2.2292,0.1733,2.4548,2.7713,0.9936,0.8553,0.5922,0.333,2.5162,0.261,1.4541,0.6644,0.9228,1.7623,1.0219,2.5473,1.3309,2.306,0.9703,1.4942,2.131,3
495,2.4184,1.3096,0.6648,0.8796,0.1769,0.6034,0.7731,0.9839,0.9544,1.7433,2.3127,0.8136,2.5563,0.4022,0.9358,0.2712,0.7064,0.0099,2.5725,0.8012,0.8398,3
496,1.149,1.1543,0.957,0.4261,2.6552,0.2308,1.5201,0.5892,2.4895,0.0715,0.3106,2.573,0.8988,0.1822,2.1704,0.8716,0.8914,0.4442,2.6333,1.137,1.2459,3
497,1.606,2.6105,2.4694,1.2195,2.7919,0.4658,1.5368,0.5898,2.2224,0.8111,0.0779,2.3351,2.2288,0.3639,0.4539,0.5599,2.4139,1.7808,1.7056,1.9203,1.1369,3
498,0.2925,0.1993,0.3868,2.5328,0.0734,0.5956,1.5927,2.322,0.5723,1.9273,0.7217,0.7883,2.9798,2.287,0.0428,1.7763,2.4719,2.5567,0.4088,0.8195,2.4041,3
499,0.8564,0.6015,0.8395,2.9022,0.0115,2.391,1.3402,0.9843,2.2389,2.0605,0.6988,1.508,0.3869,0.1642,0.0101,0.4856,2.7562,0.3179,1.2811,1.4577,2.8496,3
500,0.6683,2.814,0.7693,1.6153,0.5334,0.9665,2.5488,0.1943,1.3453,2.4862,0.7652,1.0183,0.7775,0.6732,0.9858,2.4858,1.1333,0.9836,0.0183,1.5218,0.5201,3
501,0.9257,0.057,0.1421,1.1404,1.0823,1.1601,0.5022,2.7599,0.6125,2.5158,1.3284,2.4489,1.1257,1.9271,1.4266,1.8984,1.2962,0.3511,1.6437,0.2397,0.3435,3
502,0.9734,0.7775,2.2279,2.3625,2.1176,2.2184,0.534,2.8608,0.7289,0.8147,2.0,0.2003,0.0545,1.2002,2.932,0.5444,0.3352,0.6367,1.0373,2.9212,0.8454,3
503,1.725,1.1828,0.9618,1.2757,1.3686,2.9055,2.7959,2.4797,1.0039,1.3277,2.711,0.0848,0.1016,0.0761,2.8779,2.2969,0.8643,0.8073,2.7789,2.4497,2.6817,3
504,0.9983,0.0018,1.2228,0.9062,1.9833,0.3111,1.7567,1.3567,2.217,2.3136,2.9722,2.9936,2.7575,2.8505,0.4775,0.3786,2.7061,2.4734,0.9991,0.3195,0.8078,3
505,0.9806,0.8616,0.9991,2.2685,2.4414,1.7607,1.8531,2.893,0.4588,0.6271,1.9347,0.6856,2.9614,2.5971,2.069,2.4593,2.5819,2.169,0.0924,1.0975,1.0869,3
506,2.4939,1.8088,0.1975,0.2491,0.5293,1.253,1.4152,2.7238,1.9285,2.6404,2.6952,0.697,1.3348,0.0337,0.0307,0.6535,2.4115,1.6037,2.34,2.2378,2.0313,3
507,0.0364,1.8458,2.5345,2.3303,0.9297,0.5443,1.2845,1.9427,2.4488,0.0945,1.5514,2.5213,2.7483,1.745,2.0266,1.5078,2.5701,2.0622,2.7099,1.9336,2.698,3
508,0.0158,1.8262,0.4035,2.8622,2.9125,1.0192,1.0516,2.0911,1.5542,1.132,2.2384,2.6782,0.6403,2.7706,2.9782,0.0791,1.5302,2.3271,1.5527,0.1856,0.5934,3
509,0.1713,1.9525,0.8566,0.3087,1.6228,2.3485,1.6011,2.165,2.7244,0.126,2.6651,1.7846,1.2033,0.3399,1.8085,0.921,0.9741,1.9818,2.0644,0.2931,0.762,3
510,2.5966,1.8434,2.1625,2.3457,1.4787,0.8055,2.4807,1.642,2.1581,0.8455,2.0765,0.5494,2.0381,1.4412,2.0667,0.7436,0.1085,0.8933,2.7907,1.596,2.0557,3
511,1.9012,0.1037,1.0451,0.0705,1.6534,1.6805,0.1324,2.6419,1.5468,2.5262,1.2192,0.7282,0.8784,1.1251,1.913,2.8934,2.2599,0.4632,1.7929,0.0468,2.7848,3
512,2.1839,1.9643,1.5204,0.3748,1.6421,1.367,2.8268,2.5917,2.8997,2.9511,2.4479,0.5508,1.9968,2.9899,0.0229,2.137,2.0424,2.9138,0.7063,1.8927,1.8487,3
513,2.8731,1.7514,0.9906,0.8782,2.174,0.0545,0.5694,2.2561,1.6519,1.279,2.3154,0.0058,1.8083,0.2103,0.8476,2.5008,2.4098,0.4484,1.8458,2.4793,1.0821,3
514,0.654,0.6533,1.6805,2.9981,2.6111,2.5793,1.4678,2.1224,0.4454,0.7101,2.9309,0.0759,2.9046,0.2007,1.3218,2.2941,1.8595,2.9547,2.6341,2.6714,2.5264,3
515,2.76,1.2586,0.9519,0.159,1.8724,2.5852,2.4819,1.3963,0.6433,0.9704,2.4549,1.3342,2.4532,1.323,1.5653,0.253,2.8202,0.9398,0.2225,2.3112,2.3501,3
516,0.7278,0.713,1.3693,1.369,1.8941,2.5065,0.3983,1.0119,2.471,2.5179,1.7509,1.7371,1.0206,1.4165,1.6368,1.6849,2.6803,0.0718,1.6629,0.145,0.5773,3
517,1.5566,2.604,0.0267,1.3272,1.735,1.3049,1.9518,2.8991,2.5655,0.5804,0.6897,0.4065,1.7309,1.1758,2.0153,0.9801,0.6494,1.0986,2.0976,0.6523,1.2899,3
518,2.0432,0.8364,0.0456,0.531,0.7171,1.2878,1.8176,1.7374,1.182,2.306,0.0271,0.0655,1.4581,1.7996,1.3373,1.1069,2.8395,0.5549,0.241,1.1601,0.2992,3
519,2.3918,0.4887,1.5207,2.9336,2.2923,2.0195,1.6624,2.8192,1.0802,0.9285,0.6947,0.5622,1.5504,0.8425,0.8448,0.3624,2.0566,2.1588,1.7348,2.8338,1.6395,3
520,0.7443,2.3899,2.4511,0.7094,0.5945,2.9591,2.4905,0.6668,0.618,0.7478,2.1195,0.3146,1.6249,2.2104,2.0915,2.2224,1.5162,2.5768,0.3506,2.3315,1.5511,2
521,1.4311,2.2834,2.9959,2.7044,0.7725,1.4968,0.3897,0.4969,2.5403,2.6895,0.4492,0.2483,1.3832,1.3041,0.1645,0.9064,2.6417,1.5421,0.2239,1.5486,1.798,2
522,0.1368,2.5565,2.4095,1.6291,1.0186,0.894,0.6609,2.212,2.9601,0.6593,2.1174,0.7684,0.1035,2.939,0.1973,0.5646,2.3762,0.9423,2.5296,0.5298,2.8418,2
523,0.8636,2.0321,1.5733,2.139,1.5746,1.4244,2.7351,2.0016,2.82,2.8247,0.7896,0.7858,0.4397,0.2343,1.4397,0.0706,1.8745,2.3711,2.5,1.748,1.0359,2
524,2.9429,1.2505,1.933,2.2304,2.4544,1.7158,2.8478,1.247,1.3288,1.3294,0.4971,0.3352,0.7335,1.9094,1.1372,2.2252,1.755,0.8343,0.1439,0.9749,2.3935,2
525,2.7153,1.4265,2.0142,2.0241,1.0693,1.8887,0.3726,1.5533,2.6777,2.9891,2.5875,0.3468,2.8609,0.6096,0.864,2.6194,1.9356,1.244,1.4152,1.0896,0.4453,2
526,1.7463,1.6656,2.1889,2.4273,1.8082,2.8197,2.0114,2.7878,0.6079,2.1929,0.3806,0.1015,2.7803,1.8747,0.8918,0.3247,1.7706,2.7068,0.0624,2.8943,0.2836,2
527,2.3595,1.788,2.9755,2.6437,1.3055,1.7349,0.2936,2.0418,0.2125,2.5054,2.5564,1.4258,2.007,1.6248,2.4662,0.7762,0.1828,2.6599,1.3616,0.978,2.7988,2
528,2.7066,2.8356,1.031,0.4248,1.3391,2.466,2.803,1.6505,1.6823,1.6316,1.8184,0.2031,2.7123,0.7595,1.8678,1.5695,1.3676,2.9857,0.6535,1.383,0.0665,2
529,0.9956,0.7962,1.3391,0.2675,2.8994,1.4166,2.8305,0.8415,1.0332,2.9106,0.8013,1.9281,2.3536,1.1702,0.0595,2.1277,2.3444,2.1814,1.0209,1.1135,1.8927,2
530,2.9415,2.3053,2.3369,1.3608,1.9434,1.3591,2.0729,0.5082,1.4414,2.1444,0.7086,2.713,1.8653,1.568,0.7352,1.491,0.0189,0.843,1.344,0.6115,2.959,2
531,1.3456,0.0508,0.6481,0.3229,0.0531,2.7194,1.4393,1.1384,0.2176,1.3119,1.7648,0.6226,0.8059,1.882,1.3062,2.225,0.5733,2.9414,2.5558,0.0902,1.2424,2
532,0.4767,0.5707,0.2879,1.7727,2.5927,0.8536,1.9549,0.9142,0.5228,0.1709,0.7798,0.6585,0.5627,2.7023,0.7232,2.4061,2.5302,1.2466,1.1532,0.7963,0.5569,2
533,1.5902,2.8332,2.6968,2.8249,1.5034,0.9072,1.6801,2.1201,1.4657,0.5707,1.803,2.2108,0.0948,1.7305,1.2577,1.2955,0.6695,2.1066,2.571,0.6358,0.1862,2
534,1.7809,0.7532,0.0479,1.5447,2.8907,1.6407,2.4747,2.9776,1.5191,2.5976,1.8468,1.6376,2.8094,2.6592,1.4538,2.1144,0.1642,2.1667,1.105,0.6463,0.583,2
535,2.0785,1.5332,2.6818,0.5043,0.3737,0.3344,2.4998,2.5819,2.1456,2.8265,0.0773,0.1621,0.9798,1.7591,0.3397,2.2751,1.0517,0.7809,0.9137,0.5465,1.0249,2
536,2.0129,2.7495,2.7445,0.3503,2.8789,0.4948,2.5833,0.846,2.2152,0.0934,0.7895,2.8067,2.9438,1.695,1.1062,0.3558,0.3133,1.0519,1.8589,2.031,1.8784,2
537,0.1243,1.9637,0.4968,1.5958,1.966,1.5497,2.5147,0.9025,1.1538,1.2321,2.1979,0.1062,0.0907,0.4281,1.5234,1.5827,0.235,1.1484,0.0316,1.1984,1.4372,2
538,1.9171,1.4654,2.2655,2.2298,1.8643,1.9215,0.6628,1.7946,1.3545,1.3426,0.415,1.6631,1.5807,2.0458,1.3735,0.9104,2.7933,2.1698,0.3969,1.1295,0.0243,2
539,2.7649,2.1055,0.8665,2.4188,1.4923,2.9392,0.6174,2.5474,0.8457,0.483,2.2499,0.6043,2.8445,2.9855,1.8729,0.746,1.8709,2.8888,0.2834,0.0836,0.7436,2
540,2.0103,2.9351,0.8133,2.2676,2.9015,0.3386,2.0914,0.9148,0.4675,0.1003,2.3346,2.2746,0.1521,0.6505,1.0708,2.7095,2.5012,1.4372,1.8835,0.0787,2.4434,2
541,2.9256,2.8236,2.9509,1.3942,2.5104,0.1268,1.6538,0.8423,1.2046,2.5846,2.4582,0.4401,2.9999,2.431,1.064,2.7422,0.2368,0.0449,1.8511,2.9382,2.3144,2
542,1.5345,0.5438,2.6609,2.626,1.5717,2.0648,2.905,1.4358,1.7443,2.4914,2.6537,1.5975,2.2868,1.8237,1.3391,0.3944,1.9701,1.556,0.5947,2.6672,1.4385,2
543,2.4306,0.4201,2.2931,1.6226,1.1255,2.6878,0.1688,2.314,2.9935,2.6541,1.0885,1.4291,0.8551,0.2311,2.4608,2.5095,0.1713,0.127,1.138,2.6233,0.5423,2
544,0.4208,0.8638,1.3082,2.0493,1.1656,0.2759,1.2121,1.3652,2.2184,0.8927,2.8414,1.2475,2.9289,0.7095,2.7795,2.2562,0.1031,1.9659,1.2541,1.42,0.0137,2
545,2.6866,0.4354,2.9576,0.0074,1.4337,0.8927,2.6028,0.0391,2.4345,2.6613,0.1342,1.4018,2.3999,1.4621,1.654,1.1511,0.1373,2.6952,0.7001,2.5058,0.6287,2
546,1.3093,2.2922,1.7115,1.4717,0.5391,2.0435,1.3468,2.06,2.476,2.9238,0.1769,1.3345,0.8376,0.3608,2.2779,1.1205,0.7431,1.7136,1.2774,1.9474,1.615,2
547,2.63,2.5013,2.9401,0.2602,0.7006,1.9231,0.4023,2.6642,2.7997,2.3891,1.7752,0.8357,2.7684,0.2532,1.4448,1.0811,2.3916,1.7316,2.3208,0.4426,1.2215,2
548,0.9625,0.4221,2.1642,0.6377,1.9849,2.6087,0.9814,2.0759,2.755,1.0384,0.1892,1.3894,0.7268,1.1312,2.1255,2.6623,0.855,2.5131,0.6949,1.7163,0.2772,2
549,1.873,0.2195,0.1404,0.9037,2.3136,1.9878,2.8861,0.1004,0.5309,1.1246,1.5642,0.4229,2.5938,2.8952,1.3782,1.2698,2.0798,1.7323,1.7357,1.7068,1.8419,2
550,2.5398,0.9712,2.3946,1.7204,2.7196,2.8435,2.3141,0.8138,0.9541,1.5024,0.9294,0.3974,2.5269,0.7805,1.5168,1.518,0.7497,0.53,2.8618,0.8158,2.1293,2
551,2.1341,2.0608,2.5139,0.2296,0.4747,0.8797,2.5179,1.571,0.7998,2.7435,2.0556,1.7109,2.0104,2.921,2.1307,1.8875,0.6482,2.7811,2.4885,1.828,1.663,2
552,1.8598,2.3107,2.6433,2.1365,0.9269,2.2363,0.7809,1.4888,2.4091,1.4996,1.2949,1.3962,1.5797,0.5403,2.6951,0.4196,0.7126,0.6345,0.9808,1.7844,2.1693,2
553,2.9119,1.3821,1.8662,1.1841,0.5545,1.7688,2.4071,0.2378,1.461,1.2798,0.987,1.7474,0.933,1.1994,0.9542,0.0482,0.9448,2.2731,1.4741,0.4829,0.7422,2
554,0.264,1.9172,0.1128,0.6538,1.8784,1.1804,0.0158,0.854,2.836,0.1844,1.9764,1.5827,0.4979,2.6139,2.9162,2.1985,2.2767,0.3662,0.3629,0.3444,1.7921,2
555,0.306,2.7526,2.6024,2.8669,0.9055,2.1621,0.6582,1.2152,1.7194,0.9756,2.9065,1.805,1.2827,1.2091,1.7847,1.1843,2.4593,1.736,2.5039,1.923,2.6124,2
556,1.6547,2.6407,1.266,1.9827,0.9601,2.5368,1.877,1.5108,0.0847,0.6342,0.7027,0.8202,0.4348,2.6178,0.0845,2.3848,0.6595,0.556,1.3393,2.2877,0.3137,2
557,2.8641,0.3531,0.5897,1.0076,0.2022,1.7386,1.9752,2.9504,0.7274,1.4196,0.2052,2.9483,1.5983,1.7028,1.3033,2.5221,2.4334,1.4758,2.9724,1.9832,2.4596,2
558,2.0594,2.1397,0.6254,0.3686,2.3197,2.1477,1.3667,2.1518,1.2093,1.4285,0.4787,0.7829,1.778,1.7563,2.9162,0.2654,0.5741,1.4439,2.764,1.7262,0.0751,2
559,0.9289,2.3298,0.6047,1.4696,2.7966,1.2361,2.8766,1.5836,0.4016,0.5842,2.7422,0.7525,2.2128,2.4378,0.6846,0.7666,2.805,2.2128,0.7955,1.9311,0.1367,2
560,0.3232,2.7219,2.447,2.3149,0.4092,2.5807,1.1093,0.0279,1.6845,0.2567,2.1936,0.8347,1.149,2.3325,2.1439,1.024,0.501,0.5794,2.4272,1.5563,1.5723,3
561,1.3449,1.2544,0.2181,1.5363,1.4704,1.1536,0.8164,0.0967,0.1417,1.9012,0.0084,0.1073,1.3016,0.3868,2.4738,2.6879,2.5924,2.4173,1.8633,1.1667,1.6572,3
562,1.4409,0.4681,2.7547,0.9292,2.3552,1.8711,0.612,2.3227,0.7302,0.7257,0.634,2.9738,2.2056,1.6475,1.8871,0.7943,2.7788,1.0024,1.0082,0.3546,1.1789,3
563,1.4048,1.4214,0.0506,0.3386,2.6074,1.7876,2.2406,1.6987,0.0353,1.9906,2.3063,2.5451,1.1103,2.8058,1.6663,1.3383,0.587,2.4904,0.7349,1.5734,2.3,3
564,1.858,1.1107,2.1687,0.6714,1.0543,1.5401,2.449,2.0257,0.3583,1.7054,0.4302,2.916,0.2953,0.8972,2.8045,1.8902,1.4757,2.3057,0.0002,2.9845,1.0879,3
565,0.8184,1.1812,0.6917,2.3707,0.1793,2.7546,2.4739,0.3854,2.1198,2.6093,1.462,1.3715,2.6568,0.457,0.2233,2.8549,1.9783,0.1644,0.0254,2.1542,0.8795,3
566,2.6412,2.4083,1.5444,0.4786,2.2986,2.1108,1.8661,2.928,1.5097,0.789,0.5669,2.49,0.4619,2.7786,1.0299,1.0583,1.3359,2.8304,1.9841,0.3991,0.7707,3
567,0.865,1.9556,0.5319,2.9429,2.1287,1.7681,0.1046,1.5423,2.8763,2.9154,0.8509,2.3845,0.1724,1.9678,2.9981,2.9208,2.9355,2.4786,1.3223,1.9203,0.1545,3
568,0.3212,2.0404,2.6991,2.1881,1.188,2.1398,1.243,1.7225,0.3961,2.5372,1.3423,0.6427,0.72,2.3497,2.8763,2.3405,0.0246,1.152,1.1127,0.5755,1.6877,3
569,1.0469,1.9581,0.4677,1.2095,2.9486,2.1266,0.5016,2.0454,0.5706,1.4843,1.4459,1.6183,2.5402,1.9129,0.1098,2.4508,1.2866,1.2389,0.6515,1.8574,2.1253,3
570,2.8072,0.425,1.4005,0.5668,2.1491,0.9931,0.8494,1.8983,0.1822,1.0446,2.5879,0.1813,2.2678,0.3331,1.3718,1.3869,2.7683,2.5575,2.5344,2.8846,1.6917,3
571,0.4783,0.1751,1.8257,1.3965,1.7108,0.9492,0.0828,2.3606,0.5972,0.6284,1.4481,2.4163,0.3428,2.7191,1.5039,2.1945,1.1269,0.5261,0.7033,2.8109,1.262,3
572,0.8331,1.1852,1.3596,2.8575,1.7701,1.8289,2.0823,0.6299,0.885,1.7052,2.854,1.0539,1.9349,0.6591,0.3221,0.1653,2.1686,0.133,1.653,1.4017,2.2072,3
573,2.7797,2.5492,0.6486,0.3567,0.2397,0.4187,0.7505,0.186,1.2887,0.5528,1.5553,2.4916,2.6118,2.5286,0.3084,1.936,0.007,2.3015,0.6166,0.1969,1.0503,3
574,1.0442,1.9461,0.8699,0.7309,2.8789,2.432,1.6881,1.2679,0.7474,1.0648,1.3926,1.8518,2.8084,1.4941,0.3567,1.1167,1.4902,2.893,1.0091,0.9803,2.9379,3
575,2.5293,2.3741,2.8035,0.2306,2.9695,2.3071,2.8858,2.3397,0.5099,0.1903,0.8696,1.694,1.6166,1.1062,0.262,0.6518,0.2771,0.6822,2.292,1.1084,1.2014,3
576,0.1363,1.8674,0.3757,2.1715,0.4942,1.9237,0.7072,2.2635,1.1404,2.004,1.1627,0.8235,2.6043,0.6799,0.4669,2.6819,1.3389,0.3459,2.6158,1.3768,0.4369,3
577,2.6655,2.353,0.0527,2.8527,2.3061,0.999,0.8577,1.167,0.1514,1.8056,2.9201,2.3559,1.0754,2.7168,0.7684,0.1071,0.3984,2.4336,0.633,0.9864,2.6959,3
578,0.7118,2.9885,2.7262,1.6703,1.7381,2.9359,0.7691,2.2404,2.4709,2.0392,1.6188,0.6392,0.0859,2.5128,2.4687,1.1905,1.4516,0.2505,0.5561,2.5953,2.2161,3
579,0.5417,2.1399,2.6587,0.893,1.1827,2.2261,0.1985,2.3262,1.7106,2.5313,0.5511,0.3997,0.4664,0.4388,0.4674,1.5355,0.4985,0.3043,1.9958,1.8784,1.7209,3
580,2.2267,2.5851,2.0555,2.8914,1.7718,2.5844,1.702,2.3854,1.5276,1.6489,0.3933,0.9511,0.8024,2.9248,2.0798,2.9267,2.2261,0.8334,2.5129,2.9307,0.4081,3
581,2.9684,2.9186,1.4159,1.7612,0.3635,2.1582,1.6562,2.8834,1.3994,1.1146,1.9149,2.0215,0.1242,0.5853,2.3764,1.9161,1.521,2.4146,0.3704,1.4383,2.5505,3
582,2.8778,2.2218,2.8558,2.8802,1.0509,1.6759,1.7971,1.3864,1.6656,0.7553,1.6386,2.1705,2.8985,2.9001,2.8649,0.4446,2.0214,1.8372,2.0965,0.8153,0.9864,3
583,2.2569,2.439,1.2394,1.1193,1.0002,0.8505,2.8883,2.1902,2.9804,1.5639,1.517,0.2451,2.9994,1.8631,0.6244,1.7395,2.1252,2.5623,0.1413,2.1397,0.7962,3
584,2.7428,0.2357,0.0389,0.4368,2.0439,0.5416,1.7298,2.7464,1.1485,1.312,1.8461,2.761,2.679,1.5415,1.8637,2.3746,1.2211,1.7245,0.426,1.594,2.2652,3
585,2.9612,0.1092,1.3056,0.2097,1.5836,2.4497,1.83,0.8726,1.7039,1.3161,0.2234,0.6035,1.5888,2.2159,0.2161,2.0962,0.059,0.7063,2.9139,2.3854,2.7661,3
586,1.6583,2.7702,1.5876,0.8012,0.0789,1.8645,2.6714,2.954,0.628,0.8035,0.1908,2.6469,1.3014,2.5207,0.3103,1.6543,2.2256,1.8536,0.2013,0.4766,2.7024,3
587,0.4338,0.7131,1.6449,1.2998,0.865,0.7098,2.6228,1.014,1.1841,0.5901,0.8413,1.6597,0.9805,1.239,2.3932,0.8505,1.0291,1.428,1.2453,1.4521,0.9118,3
588,2.5482,0.916,2.6645,2.2904,1.1513,0.6265,1.5713,1.9951,0.2844,2.384,0.8412,2.9479,1.7037,2.5714,2.5625,1.2122,1.4366,0.3687,0.945,2.9206,2.9341,3
589,1.1876,0.4057,0.2032,1.4066,1.0894,1.4604,1.8175,0.4142,2.5957,2.9255,2.1432,0.2596,0.3894,2.6411,2.9004,2.6384,1.7456,2.65,1.7849,0.3105,2.5691,3
590,0.938,1.9036,2.5624,0.8078,2.3603,1.9045,1.1013,0.5708,2.0409,2.0052,2.6109,1.7621,2.3144,1.2716,2.8963,0.1568,2.9171,2.5566,1.6172,0.5864,0.6848,3
591,1.5027,0.0891,1.5669,2.7014,2.4864,2.2859,1.4934,0.274,2.306,1.8122,1.7168,1.4432,1.028,2.216,0.9649,1.5823,2.3635,1.9436,1.8961,0.7252,2.895,3
592,0.1046,2.3973,2.1966,1.7308,2.855,1.4405,1.4494,1.9145,2.2861,0.512,2.3666,0.571,2.4048,1.887,1.5809,0.7757,2.5626,1.6822,1.7305,1.7952,0.6888,3
593,0.0561,0.8952,1.2412,1.8082,2.8222,0.7506,1.5913,0.0786,0.401,1.3376,2.3837,2.2469,0.3021,1.7412,2.9734,0.6035,1.5283,1.1494,0.6786,2.2119,2.4313,3
594,0.7929,2.2316,0.8885,2.4603,1.4659,2.0313,0.7068,1.4495,1.9061,2.8227,1.1946,1.4107,0.8282,1.7504,2.1094,0.6003,1.7579,1.4009,1.2732,1.6398,1.455,3
595,1.7876,2.7321,1.0071,2.0126,1.6757,0.389,1.8024,2.2316,0.4402,2.8844,1.7045,2.5909,2.4842,0.4769,0.6752,0.6488,0.981,0.4223,0.4354,0.9405,0.8592,3
596,2.2482,2.0709,0.8235,0.7248,1.8092,0.5155,0.8514,0.8141,1.8544,0.2214,2.4123,2.5124,2.3627,2.5613,0.5985,2.6237,1.2941,2.6624,0.3542,2.8011,1.233,3
597,2.8716,1.2737,1.3607,2.8583,1.5217,1.1155,0.932,0.5791,0.4017,2.5253,2.8521,0.7018,1.9707,1.9787,1.4509,2.9859,2.2767,2.3853,0.2472,0.2987,0.009,3
598,2.4544,1.8747,1.7936,0.4841,0.1143,1.6863,0.92,2.8882,0.4731,0.6503,2.423,0.9872,1.7228,0.2998,1.1616,2.421,1.4342,0.8081,2.9284,0.9278,2.7666,3
599,2.8233,2.5658,2.4928,0.4808,0.3316,0.0569,2.3543,0.6091,0.3714,2.8355,1.2476,0.7713,2.9554,1.5993,2.5936,2.8911,2.5395,2.069,2.2511,0.8744,0.546,3
600,1.909,2.1338,0.5233,1.9467,2.3888,0.4062,0.2105,1.7568,1.6116,0.6775,0.2837,2.2323,1.9867,0.6607,1.7958,0.458,1.7502,0.1767,0.529,0.79,0.7548,3
601,2.2017,0.7568,1.3502,1.7479,2.2587,2.1234,2.9852,1.3909,0.3541,2.316,0.7419,2.498,0.9483,1.3698,1.6372,2.902,2.3398,1.3331,1.457,0.448,2.0389,3
602,1.7621,0.0229,1.5963,0.6876,0.932,1.2334,0.4951,2.7192,1.0924,2.8718,1.5882,2.3904,0.5883,2.2985,0.798,0.697,1.8601,2.1928,0.0025,2.8944,1.9417,3
603,0.2443,2.6393,2.4545,2.107,0.593,1.3411,1.8555,1.8927,1.2749,0.1404,0.6271,0.0035,1.2934,0.1315,1.7379,0.6584,1.8881,2.5928,1.9966,2.8809,2.6778,3
604,0.1857,1.8702,2.1306,0.2982,1.7059,1.4154,0.6966,1.4471,2.9622,0.0383,2.2113,1.8151,2.79,2.2287,1.5491,0.9794,1.3439,2.4424,0.8778,1.8257,1.8597,3
605,2.2804,0.1905,1.8695,1.4254,2.544,0.5253,2.0542,0.7619,2.3416,1.6018,0.7962,0.101,0.5112,1.219,1.3399,1.2801,2.2943,1.1915,2.6086,2.686,2.4074,3
606,0.607,1.6529,2.023,2.8411,0.1653,2.8949,2.5694,2.5128,1.7552,1.2938,1.3062,2.9683,2.6115,0.2904,1.1078,2.611,0.585,2.616,1.9754,0.8667,1.5275,3
607,2.3695,1.7671,1.3445,2.6877,1.9557,2.7694,1.3018,0.9407,2.1984,2.8237,1.2011,2.6797,2.2712,0.308,1.6857,2.4902,2.5947,1.1003,2.7421,2.6231,0.4245,3
608,1.3922,0.8801,2.4195,1.8114,0.6756,1.903,1.4064,2.4331,0.0334,0.8778,2.95,1.086,0.5078,2.9151,1.4392,0.4061,0.5581,1.2004,2.6703,2.2374,2.4319,3
609,0.0208,2.6581,2.5121,2.3796,0.7682,0.2753,2.951,2.0957,1.1049,0.061,1.2525,1.0476,0.0395,1.255,0.0508,2.3857,1.276,0.1458,1.6425,2.3799,0.6722,3
610,1.6846,0.7193,1.6987,1.9895,1.3237,2.0616,1.7679,1.6604,0.8607,2.6087,2.0236,0.3311,0.1966,0.813,0.5045,1.9025,1.7163,0.5166,0.3448,2.0987,2.2762,3
611,1.3291,0.4315,0.351,0.6996,0.4913,2.4265,1.0985,2.9887,1.9834,1.8043,2.8694,1.6497,1.56,2.2944,0.2015,2.9263,0.7582,1.5807,1.3478,0.0314,1.2615,3
612,0.2217,0.928,1.2787,2.5754,2.2349,1.0052,0.69,1.9342,0.3886,1.5439,2.2292,1.9451,0.7561,0.0119,1.3234,1.9904,2.7997,1.6175,0.3678,2.2054,0.3226,3
613,0.7832,1.0152,0.7941,1.8333,0.2882,0.4519,2.5469,1.7949,2.8343,1.8917,2.1517,2.188,2.1501,2.8686,2.8652,1.2186,0.0579,2.5362,0.2561,1.1771,1.7612,3
614,0.9199,2.6522,0.5754,1.7873,1.4858,2.1798,2.0975,2.1192,0.9721,2.7125,2.4898,0.4269,1.6603,1.6489,2.7896,1.4138,0.8764,2.2996,2.1809,1.8537,1.1187,3
615,1.037,1.9712,0.8901,2.8595,2.0049,1.906,0.9339,0.5019,2.6199,0.7862,1.2104,1.6451,1.1482,0.2122,1.2221,2.78,1.7705,0.556,2.9326,0.7218,0.9539,3
616,2.1205,0.3658,2.458,1.6775,2.49,1.1777,1.5185,1.3175,2.5486,0.753,0.7139,2.1029,1.674,1.7067,2.9116,0.0642,1.2477,2.9506,2.9571,2.6856,1.2896,3
617,0.5018,1.181,1.0434,0.9774,1.66,0.8856,0.4125,0.0007,1.3998,2.9671,0.6818,2.454,2.1656,2.5514,0.6782,2.8545,1.5587,0.191,2.5546,2.8062,2.246,3
618,1.3299,0.3083,1.289,1.267,0.3895,2.7864,2.331,0.4086,0.0076,1.5548,0.3046,0.0541,2.1325,1.6052,1.1537,1.4298,2.9327,1.3682,1.9906,2.1764,1.9726,3
619,1.8205,2.1172,1.1483,1.667,2.4256,0.2611,2.6997,0.1045,0.3577,0.1018,0.2275,1.4564,0.4116,0.1223,2.6955,0.3127,0.8207,1.651,2.6222,2.7566,2.2169,3
