session_id,day,rat,box,rearings_20min,rearings_5min,distance_20min_m,distance_5min_m
HD1_F1_cam1,1,F1,1,65,22,37.87,16.68
HD1_F2_cam2,1,F2,2,126,37,61.32,22.39
HD1_F3_cam1,1,F3,1,94,36,48.72,21.15
HD1_F4_cam2,1,F4,2,83,37,68.06,24.84
HD1_F5_cam1,1,F5,1,76,36,61.53,23.72
HD1_F6_cam2,1,F6,2,95,35,57.28,20.78
HD1_F7_cam1,1,F7,1,93,46,47.38,21.54
HD1_F8_cam2,1,F8,2,60,18,59.99,19.6
HD1_F9_cam1,1,F9,1,97,32,64.39,23.1
HD1_F10_cam2,1,F10,2,89,31,56.54,23.36
HD1_F11_cam1,1,F11,1,161,48,46.79,15.89
HD1_F12_cam2,1,F12,2,119,35,45.22,17.69
HD2_F1_cam1,2,F1,1,63,18,41.35,16.48
HD2_F2_cam2,2,F2,2,129,36,53.75,21.45
HD2_F3_cam1,2,F3,1,72,24,36.69,14.18
HD2_F4_cam2,2,F4,2,109,50,66.85,30.78
HD2_F5_cam1,2,F5,1,72,24,54.12,23.53
HD2_F6_cam2,2,F6,2,117,33,64.37,26.49
HD2_F7_cam1,2,F7,1,91,41,52.73,21.84
HD2_F8_cam2,2,F8,2,108,31,70.92,28.95
HD2_F9_cam1,2,F9,1,113,32,67.12,26.21
HD2_F10_cam2,2,F10,2,112,42,58.77,27.71
HD2_F11_cam1,2,F11,1,195,51,59.63,21.18
HD2_F12_cam2,2,F12,2,131,38,47.8,19.46
HD3_F1_cam1,3,F1,1,45,16,29.89,13.56
HD3_F2_cam2,3,F2,2,125,31,52.93,20.85
HD3_F3_cam1,3,F3,1,72,26,38.51,19.91
HD3_F4_cam2,3,F4,2,89,35,55.81,21.3
HD3_F5_cam1,3,F5,1,73,27,47.96,18.97
HD3_F6_cam2,3,F6,2,69,15,54.32,19.28
HD3_F7_cam1,3,F7,1,85,40,46.83,23.45
HD3_F8_cam2,3,F8,2,120,32,71.68,27.43
HD3_F9_cam1,3,F9,1,115,38,53.06,21.56
HD3_F10_cam2,3,F10,2,72,27,53.83,26.53
HD3_F11_cam1,3,F11,1,144,37,50.64,20.66
HD3_F12_cam2,3,F12,2,102,30,38.31,19.05
HD4_F1_cam1,4,F1,1,64,24,34.73,17.13
HD4_F2_cam2,4,F2,2,88,35,60.58,23.83
HD4_F3_cam1,4,F3,1,69,30,36.25,19.1
HD4_F4_cam2,4,F4,2,85,34,53.25,22.22
HD4_F5_cam1,4,F5,1,88,38,48.76,19.48
HD4_F6_cam2,4,F6,2,52,29,40.95,22.65
HD4_F7_cam1,4,F7,1,62,41,33.87,24.37
HD4_F8_cam2,4,F8,2,106,31,72.97,27.35
HD4_F9_cam1,4,F9,1,98,29,56.45,23.81
HD4_F10_cam2,4,F10,2,71,26,57.74,22.12
HD4_F11_cam1,4,F11,1,133,33,43.4,15.25
HD4_F12_cam2,4,F12,2,98,38,37.93,19.61
HD5_F1_cam1,5,F1,1a,54,30,36.61,22.04
HD5_F2_cam2,5,F2,2a,124,43,69.27,25.76
HD5_F3_cam1,5,F3,1a,92,37,46.49,23.09
HD5_F4_cam2,5,F4,2a,91,32,67.58,21.49
HD5_F5_cam1,5,F5,1a,116,33,57.43,23.31
HD5_F6_cam2,5,F6,2a,70,22,52.97,23.17
HD5_F7_cam1,5,F7,1a,92,42,50.98,22.78
HD5_F8_cam2,5,F8,2a,100,18,75.03,24.36
HD5_F9_cam1,5,F9,1a,90,34,72.35,23.92
HD5_F10_cam2,5,F10,2a,92,27,61.83,23.08
HD5_F11_cam1,5,F11,1a,195,52,69.1,24.93
HD5_F12_cam2,5,F12,2a,159,26,37.63,15.75
